source_id,category_code,category,questions,title,authors,year,source_type,venue,doi,url,evidence_depth,data_basis,method_family,project_relevance,ra226_n2n,ac225_output,time_history,recurrent_model,physics_constraint,multiobjective_optimization,experimental_validation,uncertainty_or_ood,trusted_solver_reference,screening_score,screening_note,abstract
S001,A,"Ac-225 production, separation, and quality","Q1,Q10,Q2,Q3,Q4",The application of poorly crystalline silicotitanate in production of 225Ac,Jonathan Fitzsimmons; Alyson Abraham; Demetra Catalano; Ali Younes; Cathy S. Cutler; Dmitri Medvedev,2019,article,Scientific Reports,10.1038/s41598-019-48021-7,https://doi.org/10.1038/s41598-019-48021-7,title and abstract screened,method or metadata,production-route study,high,no,yes,no,no,no,no,no,no,yes,43.0,Included for structured comparison; use the linked paper for claim-level details.,"Abstract Actinium-225 ( 225 Ac) can be produced from a Thorium-229/Radium-225 ( 229 Th/ 225 Ra) generator, from high/low energy proton irradiated natural Thorium or Radium-226 target. Titanium based ion exchanger were evaluated for purification of 225 Ac. Poorly crystalline silicotitanate (PCST) ion exchanger had high selectivity for Ba, Ag and Th. 225 Ac was received with trace amounts of 227 Ac, 227 Th and 223 Ra, and the solution was used to evaluate the retention of the isotopes on PCST ion exchanger. Over 90% of the 225 Ac was recovered from PCST, and the radiopurity was &gt;99% (calculated based on 225 Ac, 227 Th, and 223 Ra). The capacity of the PCST inorganic ion exchange for Barium and 232 Th was determined to be 24.19 mg/mL for Barium and 5.05 mg/mL for Thorium. PCST ion exchanger could separate 225 Ac from isotopes of Ra and Th, and the process represents an interesting one step separation that could be used in an 225 Ac generator from 225 Ra and/or 229 Th. Capacity studies indicated PCST could be used to separate 225 Ac produced on small 226 Ra targets (0.3–1 g), but PCST did not have a high enough capacity for production scale Th targets (50–100 g)."
S002,A,"Ac-225 production, separation, and quality","Q1,Q10,Q2,Q3,Q4,Q5",Local Production of the Alpha-Emitting Radioi-sotope Actinium 225 with Low Impurities for Targeted Alpha Ther-apy by a Compact Neutron Generator System,M. Martellini; K. N. Leung; Giuseppe Gherardi; Lidia Falzone,2023,article,Medical Research Archives,10.18103/mra.v11i9.4409,http://dx.doi.org/10.18103/mra.v11i9.4409,title and abstract screened,method or metadata,production-route study,high,yes,yes,no,no,no,no,no,no,no,41.0,Included for structured comparison; use the linked paper for claim-level details.,"Alpha-particle emitting radioisotope Actinium225 (225Ac) is of great interest for use in Targeted Alpha Therapy (TAT) treatments of e.g., brain tumors, bladder cancer, neuroendocrine tumors and leukemia. A suitable 225 Ac radioligand is also potentially resolutive for the treatment of advanced and metastatic Castration-Resistant Prostate Cancers (mCRPCs). The mCRPC has a mean survival rate of 9-36 months and encompasses a heterogeneous ample range of molecular cancer behavior with a high risk of progression. Global demand for the 225 Ac has spurred several production efforts including extraction from 233U, high energy protons or photon irradiation of 226Ra or spallation of 232Th by, at least, 100 MeV protons. Instead of using accelerators systems such as cyclotrons or LINACs, a Compact Neutron Generator (CNG) system has been developed. A 400kV-10 mA DC (D_7Li) CNG potentially able to produce substantial amount of 225Ac with low 227Ac impurities is here presented. Exploiting the high flux of 10 and 13 MeV energy neutrons generated by the (D_7Li) reactions to bombard a thin target layer of 226Ra, 225Ra/225Ac is produced via the 226Ra(n,2n)225Ra nuclear reaction. By irradiating a 5 mm thick 226Ra layer for 100 hours, about 11-13 mCi of 225Ac can be produced – corresponding to the TAT treatment of about 65 oncological patients – with an estimated 227Ac contamination of about one percent, which is below the acceptable limit for clinical use. This 225Ac production scheme by a suitable CNG should allow to adopt a local/regional approach avoiding the shipment costs of 225Ac. The aim of this paper is to inform the production chain of radioisotopes to be used in medical field and the medical community involved in the application of radiopharmaceuticals for the cure of cancer, that a new technology based on Compact Neutron Generators (CNG) is in a R&amp;D phase and will allow to produce the necessary quantity of radioisotopes for clinical and research purpose. This will be essential in treatment advanced metastatic cancer as for instance the metastatic Castration – Resistant Prostate Cancer."
S003,A,"Ac-225 production, separation, and quality","Q1,Q10,Q2,Q3,Q4,Q5",Medical Isotope Production of Actinium 225 By Linear Accelerator Photon Irradiation of Radium 226,Paul Daniel VanSant,2013,dissertation,VTechWorks (Virginia Tech),,http://hdl.handle.net/10919/50984,title and abstract screened,method or metadata,domain study,high,no,yes,no,no,no,no,no,no,no,39.0,Included for structured comparison; use the linked paper for claim-level details.,"There is a present and future need for the medical isotope Actinium-225, currently in short supply worldwide. Only a couple manufacturers produce it in very low quantities. In roughly the past 10 years the medical community has explored the use of Ac-225 and its daughter Bismuth-213 for targeting a number of differing cancers by way of Targeted Alpha Therapy (TAT). This method utilizes the alpha-decay of both Ac-225 (half-life 10 days) and Bi-213 (half-life 46 min) to kill cancerous cells on a localized basis. Maximum energy is delivered to the cancer cells thereby greatly minimizing healthy tissue damage. This research proposes a production method using a high-energy photon spectrum (generated by a linear accelerator or LINAC) to irradiate a sample of Radium-226 (half-life 1600yrs). The photo-neutron reaction liberates neutrons from Ra-226 atoms leaving behind Radium-225 (half-life 14.7 days). Ra-225 decays naturally through beta emission to Ac-225. Previous research demonstrated it is possible to produce Ac-225 using a LINAC; however, very low yields resulted which questioned the feasibility of this production method. This research proposes a number of LINAC and radium sample modifications that could be greatly increase yield amounts for practical use. Additionally, photo-neutron cross-section data for Ra-226 was used, which led to improved yield calculations for Ra-225. A MATLAB® model was also created, which enables users to perform quick yield estimates given several key model parameter inputs. Obtaining a sufficient supply of radium material is also of critical importance to this research. Therefore information was gathered regarding availability and inventory of Radium-226. This production method would serve as a way to not only eliminate many hazardous radium sources destined for interim storage, but provide a substantial supply of Ac-225 for future cancer treatment."
S004,A,"Ac-225 production, separation, and quality","Q1,Q10,Q2,Q3,Q4,Q5,Q7,Q9",Research and Development for Cyclotron Production of 225Ac from 226Ra—The Challenges in a Country Lacking Natural Resources for Medical Applications,Tatsuya Higashi; Kotaro Nagatsu; Atsushi B. Tsuji; Ming‐Rong Zhang,2022,article,Processes,10.3390/pr10061215,https://doi.org/10.3390/pr10061215,title and abstract screened,review or synthesis,production-route study,high,no,yes,no,no,no,no,no,no,no,39.0,Included for structured comparison; use the linked paper for claim-level details.,"The high therapeutic effect of targeted radioisotope/radionuclide therapy (TRT) using α-emitters, especially 225Ac, is attracting attention worldwide. However, the only 225Ac production method that has been put into practical use is extraction from a 229Th generator derived from the nuclear fuel 233U, and it is unlikely that this method alone is able to meet future global medical demand. Development towards new 225Ac production methods is in progress. These new 225Ac production methods require the irradiation of 232Th or 226Ra using an accelerator or a nuclear reactor. Global competition has already begun in the race to secure a reliable supply of 232Th and 226Ra, as well as 229Th for the conventional production method. Japan is a “resource-poor country” that depends on foreign countries for most of its needs. As such, it is difficult for Japan to secure raw materials such as 232Th and 226Ra for medical application. In this paper, we look back on our research at the National Institutes for Quantum Science and Technology (QST) in the fields of 225Ac production and 225Ac-labeled pharmaceutical development. We present the history and details of our research from 2011, as well as the development of a collaboration between QST and Nihon Medi-Physics that focuses on research into 225Ac production via 226Ra(p,2n)225Ac reaction using an accelerator. Furthermore, we review the valuable discussion at the 2018 Joint IAEA-JRC Workshop—“Supply of Actinium-225”, an international conference that we participated in. Overall, the statuses of external 225Ac supply, domestic production, and distribution are discussed, as are the latest developments in 225Ac production methods, 225Ac pharmaceuticals, and future prospects for the domestic production of 225Ac in Japan, a country lacking natural resources for medical applications."
S005,A,"Ac-225 production, separation, and quality","Q1,Q3,Q4",Experimental approaches for the production of thorium-229,M. Molnár,2019,dissertation,Illinois Digital Environment for Access to Learning and Scholarship (University of Illinois at Urbana-Champaign),,http://hdl.handle.net/2142/106285,title and abstract screened,experimental or measured,domain study,high,no,yes,no,no,no,no,yes,no,no,37.0,Included for structured comparison; use the linked paper for claim-level details.,"In the United States, cancer is the second leading cause of death and a major public health problem worldwide. This has influenced researchers in the field of nuclear medicine to develop new and innovative ways for detecting and treating various forms of cancer. Targeted alpha therapy (TAT) is a promising technique for treating metastatic cancer and involves delivering a radionuclide to the cancerous cells in the body, where it decays by releasing high-energy (5-8 MeV) α-particles with high linear energy transfer (LET) over a short (50-100 µm) range and relatively low toxicity to the rest of the body. Actinium-225 is an ideal radioisotope for TAT due to its short half-life (t1/2=9.92 days) and 3 α-emitting decay daughters. Currently, there is not enough 225Ac available to meet expected demand. Therefore, the goal of this research is to produce more of the parent radioisotope, thorium-229 (t1/2=7932 years.) The two methods of production we chose to investigate are 1) the irradiation of a 226Ra target in the High Flux Isotope Reactor (HFIR) at Oak Ridge National Laboratory (ORNL) and 2) the fast neutron irradiation of a 230Th target in a particle accelerator. \nThis thesis outlines several experiments completed at ORNL to test the feasibility and preparation procedures for these two production methods. First, we experimentally evaluated the effective neutron cross section of 229Th to be 8.36 ± 0.37 barns, which is more than 3 times lower than the current reported value of 30.8 ± 1.5 barns. Second, we tested methods for preparing uniformly distributed 230Th targets for fast neutron irradiation at Lawrence Berkeley National Laboratory and determined that depositing approximately 25-30 mg of enriched 230Th(NO3)4 onto a high-purity aluminum substrate and sealing the material with Kapton tape to prevent rehydration is the best way to produce this target."
S006,A,"Ac-225 production, separation, and quality","Q1,Q10,Q2,Q3,Q4,Q5","Actinium-225/Bismuth-213 as Potential Leaders for Targeted Alpha Therapy: Current Supply, Application Barriers, and Future Prospects",Mohamed F. Nawar; Adli A. Selim; Basma M. Essa; Alaa F. El-Daoushy; Mohamed M. Swidan; Claudia Chambers; et al.,2025,article,Cancers,10.3390/cancers17183055,https://doi.org/10.3390/cancers17183055,title and abstract screened,review or synthesis,domain study,high,no,yes,no,no,no,no,no,no,yes,35.0,Included for structured comparison; use the linked paper for claim-level details.,"Alpha therapy (TAT) relies on combining alpha-emitting radionuclides with specific cell-targeting vectors to deliver a high payload of cytotoxic radiation capable of destroying tumor tissues. TAT efficacy comes from the tissue selectivity of the targeting vector, the high linear energy transfer (LET) of the radionuclide, and the short range of alpha particles in tissues. Recent research studies have been directed to evaluate TAT on a preclinical and clinical scale, including evaluating damage to tumor tissues with minimal toxic radiation effects on surrounding healthy tissues. This review highlights the use of Actinium-225/Bismuth-213 radionuclides as promising candidates for TAT. Herein, we begin with a discussion on the production and supply of [225Ac]Ac/[213Bi]Bi followed by the formulation of [225Ac]Ac/[213Bi]Bi-radiopharmaceuticals using different radiolabeling techniques. Finally, we have summarized the preclinical and clinical evaluation of these potential radiotheranostic agents."
S007,A,"Ac-225 production, separation, and quality","Q1,Q10,Q2,Q3,Q4,Q5",Supply and Clinical Application of Actinium-225 and Bismuth-213,Aliyah Morgenstern; Christos Apostolidis; Frank Bruchertseifer,2020,article,Seminars in Nuclear Medicine,10.1053/j.semnuclmed.2020.02.003,https://doi.org/10.1053/j.semnuclmed.2020.02.003,title and abstract screened,review or synthesis,domain study,high,no,yes,no,no,no,no,no,no,no,35.0,Included for structured comparison; use the linked paper for claim-level details.,"The recent development of 225Ac-PSMA617 for therapy of prostate cancer has strikingly demonstrated the clinical potential of targeted alpha therapy. Further promising applications of the alpha emitters 225Actinium and its daughter nuclide 213Bismuth include the therapy of brain tumors, bladder cancer, neuroendocrine tumors, and leukemia. This paper will provide a brief overview on the current status of the clinical development of compounds labelled with 225Ac or 213Bi and describe the various production routes that are in place or are under development to meet the increasing demand for these radionuclides."
S008,A,"Ac-225 production, separation, and quality","Q1,Q10,Q2,Q3,Q4",225Ac-Labeled Somatostatin Analogs in the Management of Neuroendocrine Tumors: From Radiochemistry to Clinic,Léa Rubira; Emmanuel Deshayes; Lore Santoro; Pierre Olivier Kotzki; Cyril Fersing,2023,article,Pharmaceutics,10.3390/pharmaceutics15041051,https://doi.org/10.3390/pharmaceutics15041051,title and abstract screened,review or synthesis,production-route study,high,no,yes,no,no,no,no,no,no,yes,33.0,Included for structured comparison; use the linked paper for claim-level details.,"The widespread use of peptide receptor radionuclide therapy (PRRT) represents a major therapeutic breakthrough in nuclear medicine, particularly since the introduction of 177Lu-radiolabeled somatostatin analogs. These radiopharmaceuticals have especially improved progression-free survival and quality of life in patients with inoperable metastatic gastroenteropancreatic neuroendocrine tumors expressing somatostatin receptors. In the case of aggressive or resistant disease, the use of somatostatin derivatives radiolabeled with an alpha-emitter could provide a promising alternative. Among the currently available alpha-emitting radioelements, actinium-225 has emerged as the most suitable candidate, especially regarding its physical and radiochemical properties. Nevertheless, preclinical and clinical studies on these radiopharmaceuticals are still few and heterogeneous, despite the growing momentum for their future use on a larger scale. In this context, this report provides a comprehensive and extensive overview of the development of 225Ac-labeled somatostatin analogs; particular emphasis is placed on the challenges associated with the production of 225Ac, its physical and radiochemical properties, as well as the place of 225Ac–DOTATOC and 225Ac–DOTATATE in the management of patients with advanced metastatic neuroendocrine tumors."
S009,A,"Ac-225 production, separation, and quality","Q1,Q10,Q2,Q3,Q4",Cyclotron production of 225Ac from an electroplated 226Ra target,Kotaro Nagatsu; Hisashi Suzuki; Masami Fukada; Taku Ito; Jun Ichinose; Yoshio Honda; et al.,2021,article,European Journal of Nuclear Medicine and Molecular Imaging,10.1007/s00259-021-05460-7,https://doi.org/10.1007/s00259-021-05460-7,title and abstract screened,method or metadata,production-route study,high,no,yes,yes,no,no,no,no,no,no,32.0,Included for structured comparison; use the linked paper for claim-level details.,"Abstract Purpose We demonstrate cyclotron production of high-quality 225 Ac using an electroplated 226 Ra target. Methods 226 Ra was extracted from legacy Ra sources using a chelating resin. Subsequent ion-exchange purification gave pure 226 Ra with a certain amount of carrier Ba. The radium target was prepared by electroplating. We successfully deposited about 37 MBq of 226 Ra on a target box. Maximum activation was achieved using 15.6 MeV protons on the target at 20 µA for 5 h. Two functional resins with various concentrations of nitric acid purified 225 Ac and recovered 226 Ra. Cooling the intermediate 225 Ac for 2–3 weeks decayed the major byproduct of 226 Ac and increased the radionuclidic purity of 225 Ac. Repeating the same separation protocol provided high-quality 225 Ac. Results We obtained 225 Ac at a yield of about 2.4 MBq at the end of bombardment (EOB), and the subsequent initial purification gave 1.7 MBq of 225 Ac with 226 Ac/ 225 Ac ratio of &lt; 3% at 4 days from EOB. Additional cooling time coupled with the separation procedure (secondary purification) effectively increased the 225 Ac (4n + 1 series) radionuclidic purity up to 99 + %. The recovered 225 Ac had a similar identification to commercially available 225 Ac originating from a 229 Th/ 225 Ac generator. Conclusion This procedure, which involves the 226 Ra(p,2n) 225 Ac reaction and the appropriate purification, has the potential to be a major alternative pathway for 225 Ac production because it can be performed in any facility with a compact cyclotron to address the increasing demand for 225 Ac."
S010,A,"Ac-225 production, separation, and quality","Q1,Q10,Q2,Q3,Q4,Q5",Recent Innovations and Nano-Delivery of Actinium-225: A Narrative Review,Sipho Mdanda; Lindokuhle M. Ngema; Amanda Mdlophane; Mike Sathekge; Jan Rijn Zeevaart,2023,review,Pharmaceutics,10.3390/pharmaceutics15061719,https://doi.org/10.3390/pharmaceutics15061719,title and abstract screened,review or synthesis,domain study,high,no,yes,no,no,no,no,no,no,no,28.0,Included for structured comparison; use the linked paper for claim-level details.,"The actinium-225 (225Ac) radioisotope exhibits highly attractive nuclear properties for application in radionuclide therapy. However, the 225Ac radionuclide presents multiple daughter nuclides in its decay chain, which can escape the targeted site, circulate in plasma, and cause toxicity in areas such as kidneys and renal tissues. Several ameliorative strategies have been devised to circumvent this issue, including nano-delivery. Alpha-emitting radionuclides and nanotechnology applications in nuclear medicine have culminated in major advancements that offer promising therapeutic possibilities for treating several cancers. Accordingly, the importance of nanomaterials in retaining the 225Ac daughters from recoiling into unintended organs has been established. This review expounds on the advancements of targeted radionuclide therapy (TRT) as an alternative anticancer treatment. It discusses the recent developments in the preclinical and clinical investigations on 225Ac as a prospective anticancer agent. Moreover, the rationale for using nanomaterials in improving the therapeutic efficacy of α-particles in targeted alpha therapy (TAT) with an emphasis on 225Ac is discussed. Quality control measures in the preparation of 225Ac-conjugates are also highlighted."
S011,A,"Ac-225 production, separation, and quality","Q1,Q10,Q2,Q3,Q4,Q5",Production and purification of molecular 225Ac at CERN-ISOLDE,M. Au; L. Nies; S. Stegemann; M. Athanasakis-Kaklamanakis; T. E. Cocolios; Paul Fischer; et al.,2024,article,Journal of Radioanalytical and Nuclear Chemistry,10.1007/s10967-024-09811-0,https://doi.org/10.1007/s10967-024-09811-0,title and abstract screened,experimental or measured,domain study,high,no,yes,no,no,no,no,yes,no,yes,27.0,Included for structured comparison; use the linked paper for claim-level details.,"Abstract The radioactive nuclide 225 Ac is one of the few promising candidates for cancer treatment by targeted- $$\alpha$$ <mml:math xmlns:mml=""http://www.w3.org/1998/Math/MathML""> <mml:mi>α</mml:mi> </mml:math> -therapy, but worldwide production of 225 Ac faces significant limitations. In this work, the Isotope Separation On-Line method was used to produce actinium by irradiating targets made of uranium carbide and thorium carbide with 1.4-GeV protons. Actinium fluoride molecules were formed, ionized through electron impact, then extracted and mass-separated as a beam of molecular ions. The composition of the mass-selected ion beam was verified using time-of-flight mass spectrometry, $$\alpha$$ <mml:math xmlns:mml=""http://www.w3.org/1998/Math/MathML""> <mml:mi>α</mml:mi> </mml:math> - and $$\gamma$$ <mml:math xmlns:mml=""http://www.w3.org/1998/Math/MathML""> <mml:mi>γ</mml:mi> </mml:math> -ray decay spectrometry. Extracted quantities of $$^{225}\textrm{Ac}^{19}\textrm{F}_2^{+}$$ <mml:math xmlns:mml=""http://www.w3.org/1998/Math/MathML""> <mml:mrow> <mml:mmultiscripts> <mml:mrow/> <mml:mrow/> <mml:mn>225</mml:mn> </mml:mmultiscripts> <mml:msup> <mml:mtext>Ac</mml:mtext> <mml:mn>19</mml:mn> </mml:msup> <mml:msubsup> <mml:mtext>F</mml:mtext> <mml:mn>2</mml:mn> <mml:mo>+</mml:mo> </mml:msubsup> </mml:mrow> </mml:math> particles per $$\upmu$$ <mml:math xmlns:mml=""http://www.w3.org/1998/Math/MathML""> <mml:mi>μ</mml:mi> </mml:math> C of incident protons were $$3.9(3)\times 10^7$$ <mml:math xmlns:mml=""http://www.w3.org/1998/Math/MathML""> <mml:mrow> <mml:mn>3.9</mml:mn> <mml:mrow> <mml:mo>(</mml:mo> <mml:mn>3</mml:mn> <mml:mo>)</mml:mo> </mml:mrow> <mml:mo>×</mml:mo> <mml:msup> <mml:mn>10</mml:mn> <mml:mn>7</mml:mn> </mml:msup> </mml:mrow> </mml:math> from a uranium carbide target and $$4.3(4)\times 10^7$$ <mml:math xmlns:mml=""http://www.w3.org/1998/Math/MathML""> <mml:mrow> <mml:mn>4.3</mml:mn> <mml:mrow> <mml:mo>(</mml:mo> <mml:mn>4</mml:mn> <mml:mo>)</mml:mo> </mml:mrow> <mml:mo>×</mml:mo> <mml:msup> <mml:mn>10</mml:mn> <mml:mn>7</mml:mn> </mml:msup> </mml:mrow> </mml:math> for a thorium carbide target. Using a magnetic mass separator, the long-lived contamination 227 Ac is suppressed to $$&lt;5.47\times 10^{-7}$$ <mml:math xmlns:mml=""http://www.w3.org/1998/Math/MathML""> <mml:mrow> <mml:mo>&lt;</mml:mo> <mml:mn>5.47</mml:mn> <mml:mo>×</mml:mo> <mml:msup> <mml:mn>10</mml:mn> <mml:mrow> <mml:mo>-</mml:mo> <mml:mn>7</mml:mn> </mml:mrow> </mml:msup> </mml:mrow> </mml:math> (95% confidence interval) with respect to 225 Ac by activity. Measured rates scale to collections of 108 kBq $$\upmu$$ <mml:math xmlns:mml=""http://www.w3.org/1998/Math/MathML""> <mml:mi>μ</mml:mi> </mml:math> A $$^{-1}$$ <mml:math xmlns:mml=""http://www.w3.org/1998/Math/MathML""> <mml:mmultiscripts> <mml:mrow/> <mml:mrow/> <mml:mrow> <mml:mo>-</mml:mo> <mml:mn>1</mml:mn> </mml:mrow> </mml:mmultiscripts> </mml:math> h $$^{-1}$$ <mml:math xmlns:mml=""http://www.w3.org/1998/Math/MathML""> <mml:mmultiscripts> <mml:mrow/> <mml:mrow/> <mml:mrow> <mml:mo>-</mml:mo> <mml:mn>1</mml:mn> </mml:mrow> </mml:mmultiscripts> </mml:math> of directly produced $$^{225}\textrm{Ac}^{19}\textrm{F}_2^{+}$$ <mml:math xmlns:mml=""http://www.w3.org/1998/Math/MathML""> <mml:mrow> <mml:mmultiscripts> <mml:mrow/> <mml:mrow/> <mml:mn>225</mml:mn> </mml:mmultiscripts> <mml:msup> <mml:mtext>Ac</mml:mtext> <mml:mn>19</mml:mn> </mml:msup> <mml:msubsup> <mml:mtext>F</mml:mtext> <mml:mn>2</mml:mn> <mml:mo>+</mml:mo> </mml:msubsup> </mml:mrow> </mml:math> ."
S012,A,"Ac-225 production, separation, and quality","Q1,Q10,Q2,Q3,Q4,Q5",Production of Actinium-225 via High Energy Proton Induced Spallation of Thorium-232,James T. Harvey; J. A. Nolen; G.F. Vandergrift; Itacil Gomes; T. Kroc; Phil Horwitz; et al.,2011,report,Chicago Operations Office,10.2172/1032445,https://doi.org/10.2172/1032445,title and abstract screened,mixed simulation and measurement,domain study,high,no,yes,no,no,no,no,yes,no,no,27.0,Included for structured comparison; use the linked paper for claim-level details.,"The science of cancer research is currently expanding its use of alpha particle emitting radioisotopes. Coupled with the discovery and proliferation of molecular species that seek out and attach to tumors, new therapy and diagnostics are being developed to enhance the treatment of cancer and other diseases. This latest technology is commonly referred to as Alpha Immunotherapy (AIT). Actinium-225/Bismuth-213 is a parent/daughter alpha-emitting radioisotope pair that is highly sought after because of the potential for treating numerous diseases and its ability to be chemically compatible with many known and widely used carrier molecules (such as monoclonal antibodies and proteins/peptides). Unfortunately, the worldwide supply of actinium-225 is limited to about 1,000mCi annually and most of that is currently spoken for, thus limiting the ability of this radioisotope pair to enter into research and subsequently clinical trials. The route proposed herein utilizes high energy protons to produce actinium-225 via spallation of a thorium-232 target. As part of previous R and D efforts carried out at Argonne National Laboratory recently in support of the proposed US FRIB facility, it was shown that a very effective production mechanism for actinium-225 is spallation of thorium-232 by high energy proton beams. The base-line simulation for the production rate of actinium-225 by this reaction mechanism is 8E12 atoms per second at 200 MeV proton beam energy with 50 g/cm2 thorium target and 100 kW beam power. An irradiation of one actinium-225 half-life (10 days) produces {approx}100 Ci of actinium-225. For a given beam current the reaction cross section increases slightly with energy to about 400 MeV and then decreases slightly for beam energies in the several GeV regime. The object of this effort is to refine the simulations at proton beam energies of 400 MeV and above up to about 8 GeV. Once completed, the simulations will be experimentally verified using 400 MeV and 8 GeV protons available at Fermi National Accelerator Laboratory. Targets will be processed at Argonne National Laboratory to separate and purify the actinium-225 that will subsequently be transferred to NorthStar laboratory facilities for product quality testing and comparison to the product quality of ORNL produced actinium-225, which is currently the industry standard. The test irradiations at FNAL will produce 1-20 mCi per day which is more than sufficient for quantitative evaluation of the proposed production process. The beneficial outcome of this effort will be a new production route for actinium-225 that does not use or require any uranium-233 materials owned by DOE or use any radium-226 as an irradiation target but can supply the medical community's needs for actinium-225 now and in the future."
S013,A,"Ac-225 production, separation, and quality","Q1,Q10,Q2,Q3,Q4,Q5",Actinium-225 photonuclear production in nuclear reactors using a mixed radium-226 and gadolinium-157 target,Artem V. Matyskin; Susanna B. Angermeier; Saleem S. Drera; Michael C. Prible; Jeffrey A. Geuther; Michael D. Heibel,2024,article,Nuclear Medicine and Biology,10.1016/j.nucmedbio.2024.108940,https://doi.org/10.1016/j.nucmedbio.2024.108940,title and abstract screened,method or metadata,domain study,high,no,yes,no,no,no,no,no,no,no,25.0,Included for structured comparison; use the linked paper for claim-level details.,
S014,A,"Ac-225 production, separation, and quality","Q1,Q10,Q2,Q3,Q4,Q5",High-Purity Actinium-225 Production from Radium-226 using a Superconducting Electron Linac,Terry Grimm; Amanda K. Grimm; William A. Peters; Mike Zamiara,2019,article,Journal of medical imaging and radiation sciences,10.1016/j.jmir.2019.03.040,https://doi.org/10.1016/j.jmir.2019.03.040,title and abstract screened,method or metadata,production-route study,high,no,yes,no,no,no,no,no,no,no,25.0,Included for structured comparison; use the linked paper for claim-level details.,
S015,A,"Ac-225 production, separation, and quality","Q1,Q10,Q2,Q3,Q4,Q5",Toward Rapid Actinium-225 Purification via Membrane Adsorbers with Covalently Tethered Diglycolamide Ligands,Shruti Krishna Radhakrishnan; Megan M. Sibley; Bernadette L. Schneider; Pavithra H. A. Kankanamalage; Tuli Banik; Tae Kyong John Kim; et al.,2026,article,ACS Applied Materials & Interfaces,10.1021/acsami.5c17147,https://doi.org/10.1021/acsami.5c17147,title and abstract screened,experimental or measured,domain study,high,no,yes,no,no,no,no,yes,no,no,25.0,Included for structured comparison; use the linked paper for claim-level details.,"High Resolution Image Download MS PowerPoint Slide Extractive diglycolamide (DGA) resins are used in several state-of-the-art techniques for purifying 225 Ac, a promising radiometal for targeted alpha therapy. Unfortunately, separation processes that rely on resins are often limited to slow flow rates, high elution volumes, and long processing times. Membrane adsorbers functionalized with DGA ligands are an alternative separation material that may overcome these challenges. This work presents (1) the synthesis of an aminated tetrahexyldiglycolamide ligand, (2) the covalent tethering of the ligand to electrospun poly(vinylbenzyl chloride) fiber mats, and (3) the adsorption and desorption of La(III) and 225 Ac. Chemical and physical characterization supports the covalent tethering of the ligand to the fiber mat, as well as the preservation of the fiber surface area and porosity after functionalization. Equilibrium adsorption experiments were performed with stable La(III) and radioactive 225 Ac. Trends in affinity are consistent between commercial resins and the synthesized membrane adsorbers; however, the Langmuir constants and the maximum binding capacity of the membrane adsorbers were generally lower than the resins. Despite these differences, the modeled selectivity for an equimolar solution of La(III)/ 225 Ac in 10 M nitric acid is 57. Furthermore, 225 Ac is rapidly desorbed from the fibers in 10 M nitric acid (<20 min). The La(III)/ 225 Ac selectivity and rapid 225 Ac desorption indicate this class of materials is promising for rapid radioanalytical separations."
S016,A,"Ac-225 production, separation, and quality","Q2,Q3,Q4",Quantification of trace 227Ac and other radionuclidic impurities in mass-separated 225Ac samples produced at CERN-MEDICIS,J. D. Johnson; Cyril Bernerd; Frank Bruchertseifer; T. E. Cocolios; Marie Deseyn; Charlotte Duchemin; et al.,2025,article,Scientific Reports,10.1038/s41598-025-02277-4,https://doi.org/10.1038/s41598-025-02277-4,title and abstract screened,experimental or measured,domain study,medium,no,yes,no,no,no,no,yes,no,no,24.0,Included for structured comparison; use the linked paper for claim-level details.,"Abstract 225 Ac is a promising candidate medical radionuclide for targeted alpha therapy of advanced stage cancers. One of the main production pathways is the high-energy proton spallation of thorium-based targets, that requires an efficient, nuclide-selective separation method to recover 225 Ac from hundreds of co-produced spallation and fission products. The main radioactive contaminant of concern is 227 Ac (T 1/2 = 21.8 years), that could preclude extensive medical use if not significantly suppressed. In this work, 225 Ac samples were produced by mass separation of radioactive ion beams extracted from proton-irradiated thorium-based targets. The activity of 225 Ac and other possible contaminants of the samples were measured using complementary gamma- and alpha-decay spectrometry methods, while 227 Ac activity was calculated by performing alpha-decay spectrometry of recoiled progeny from the sample. Using this novel method, accurate measurement of trace 227 Ac activity in 225 Ac samples was performed much faster than with conventional spectrometry techniques, thanks to its 10,000-fold increase in relative sensitivity. The end of collection activity ratio of 227 Ac to 225 Ac in two samples from irradiated targets were determined to be $$2.00(10) \times 10^{-6}$$ and $$2.7(4) \times 10^{-6}$$ respectively, three orders of magnitude below the 227 Ac activity in 225 Ac products obtained through radiochemical separation. The high separation factor of 225 Ac over 227 Ac suggests the suitability of mass-separated accelerator-based 225 Ac for medical use."
S017,A,"Ac-225 production, separation, and quality","Q1,Q10,Q2,Q3,Q4,Q5",Feasibility of a novel photoproduction of 225Ac and 227Th with natural thorium target,Kwangho Ju; Yonghee Kim,2022,article,Scientific Reports,10.1038/s41598-021-04339-9,https://doi.org/10.1038/s41598-021-04339-9,title and abstract screened,method or metadata,production-route study,medium,no,yes,no,no,no,no,no,no,no,22.0,Included for structured comparison; use the linked paper for claim-level details.,"Abstract We propose an innovative way to produce both 225 Ac and 227 Th, two precious radioisotopes enabling promising targeted alpha therapy, in a natural thorium target bombarded with a 30–90 MeV electron beam. Bremsstrahlung photons in the target are analyzed by MCNP and in-situ photonuclear transmutation of 232 Th is evaluated by using the TENDL nuclear data. In the photo-transmutation analysis, 13 nuclides including 229 Th and 231 Pa are modelled. Special procedures with chemical separations are also proposed to produce pure 225 Ac and 227 Th in separate streams. In addition, performance of the new approach is compared with conventional methods in terms of the 225 Ac and 227 Th yields. After a Th target is bombarded with a 500 kW electron beam for a year, yearly 225 Ac yield is ~ 8.47 GBq (semi-permanently) and yearly 227 Th yield is ~ 48.9 GBq over 50 years, and their yields are at least doubled in a 2-year irradiation. This work will help increase global supply of the two precious isotopes and would invariably help advance TAT-related researches and developments."
S018,A,"Ac-225 production, separation, and quality","Q2,Q3,Q4",Defining Processing Times for Accelerator Produced 225Ac and Other Isotopes from Proton Irradiated Thorium,Jonathan Fitzsimmons; Justin Griswold; Dmitri Medvedev; Cathy S. Cutler; L.F. Mausner,2019,article,Molecules,10.3390/molecules24061095,https://doi.org/10.3390/molecules24061095,title and abstract screened,experimental or measured,nuclear experiment,medium,no,yes,no,no,no,no,yes,no,no,18.0,Included for structured comparison; use the linked paper for claim-level details.,"During the purification of radioisotopes, decay periods or time dependent purification steps may be required to achieve a certain level of radiopurity in the final product. Actinum-225 (Ac-225), Silver-111 (Ag-111), Astatine-211 (At-211), Ruthenium-105 (Ru-105), and Rhodium-105 (Rh-105) are produced in a high energy proton irradiated thorium target. Experimentally measured cross sections, along with MCNP6-generated cross sections, were used to determine the quantities of Ac-225, Ag-111, At-211, Ru-105, Rh-105, and other co-produced radioactive impurities produced in a proton irradiated thorium target at Brookhaven Linac Isotope Producer (BLIP). Ac-225 and Ag-111 can be produced with high radiopurity by the proton irradiation of a thorium target at BLIP."
S019,A,"Ac-225 production, separation, and quality","Q1,Q10,Q2,Q3,Q4,Q5,Q7,Q9",Large scale accelerator production of 225Ac: Effective cross sections for 78–192 MeV protons incident on 232Th targets,Justin Griswold; Dmitri Medvedev; Jonathan W. Engle; Roy Copping; Jonathan Fitzsimmons; Valery Radchenko; et al.,2016,article,Applied Radiation and Isotopes,10.1016/j.apradiso.2016.09.026,https://doi.org/10.1016/j.apradiso.2016.09.026,title and abstract screened,method or metadata,production-route study,medium,no,yes,no,no,no,no,no,no,yes,17.0,Included for structured comparison; use the linked paper for claim-level details.,
S020,A,"Ac-225 production, separation, and quality","Q1,Q10,Q2,Q3,Q4,Q5","Transport model predictions of 225Ac production cross sections via energetic p, d and α irradiation of 232Th targets",Naser T. Burahmah; Justin Griswold; L. Heilbronn; Saed Mirzadeh,2021,article,Applied Radiation and Isotopes,10.1016/j.apradiso.2021.109676,https://doi.org/10.1016/j.apradiso.2021.109676,title and abstract screened,method or metadata,production-route study,medium,no,yes,no,no,no,no,no,no,no,17.0,Included for structured comparison; use the linked paper for claim-level details.,
S021,B,Ra-226 nuclear data and neutron-spectrum evidence,"Q10,Q3,Q4","Status of the <sup>226</sup> Ra nuclear data library and its impact on the production amount of <sup>225</sup> Ac via the <sup>226</sup> Ra (n,2n) reaction",Y. Sasaki; Nobuyuki Iwamoto; Naoyuki Takaki; Shigetaka Maeda,2023,article,Journal of Nuclear Science and Technology,10.1080/00223131.2023.2295018,https://doi.org/10.1080/00223131.2023.2295018,title and abstract screened,experimental or measured,production-route study,high,yes,yes,no,no,no,no,yes,no,no,45.0,Included for structured comparison; use the linked paper for claim-level details.,"225Ac is a promising alpha emitter for targeted alpha therapy. However, the current capability of 225Ac supply is limited to approximately 63 GBq/y, primarily relying on the natural source of 229Th stocked at a few institutes. Therefore, alternative 225Ac production methods are highly desired. The research and development of 225Ac and its parent nuclide production methods using accelerators and reactors to target 226Ra and 232Th are actively pursued worldwide. Hence, the authors focused on the 226Ra(n,2n)225Ra method using fast neutron spectra as an application of the experimental fast reactor Joyo. This study investigated the status of nuclear data libraries for 226Ra, an essential target for 225Ac production, and evaluated the impact of different nuclear data libraries on the amount of 225Ac produced. Consequently, cross-sections with covariance data were stored in TENDL-2021, JEFF-3.3, and EAF-2010 but not in ENDF or JENDL, the major nuclear data libraries. Furthermore, no consistency occurred among the respective nuclear data, and the 225Ra production amount varied."
S022,B,Ra-226 nuclear data and neutron-spectrum evidence,"Q10,Q3,Q4","Cross-sections for the reactions 226Ra(n,2n)225Ra and 226Ra(n,3n)224Ra with 14·5 MeV neutrons",L.P. O'Connor; J.L. Perkin,1960,article,Journal of Inorganic and Nuclear Chemistry,10.1016/0022-1902(60)80227-8,https://doi.org/10.1016/0022-1902(60)80227-8,title and abstract screened,method or metadata,domain study,high,yes,no,no,no,no,no,no,no,no,26.0,Included for structured comparison; use the linked paper for claim-level details.,
S023,B,Ra-226 nuclear data and neutron-spectrum evidence,"Q10,Q3,Q4",Spectral Characterization of the Epithermal Neutron Beam at the Brookhaven Medical Research Reactor,Y.D. Harker; R.A. Anderl; G.K. Becker; L.G. Miller,1992,article,Nuclear Science and Engineering,10.13182/nse92-a23909,https://doi.org/10.13182/nse92-a23909,title and abstract screened,experimental or measured,nuclear experiment,medium,no,no,no,no,no,no,yes,no,no,23.0,Included for structured comparison; use the linked paper for claim-level details.,Neutron spectrum measurements are performed on the aluminum-oxide-filtered neutron beam at the Brookhaven Medical Research Reactor (BMRR). Two independent measurement techniques are used in the spectrum characterization: (a) foil activation spectrometry and (b) proton-recoil spectrometry.Activation foil assemblies are irradiated at the exit port of the beam facility. Dominant resonances in selected activation reactions are used to measure the epithermal neutron spectrum. The intermediate and fast energy ranges of the neutron spectrum are measured by threshold reactions and the 10B-filtered 235U fission reaction. Neutron spectral data are derived from the activation data by two approaches: (a) an analysis that yields neutron flux values at the energies of the dominant or primary resonances in the epithermal activation reactions and (b) an analysis that utilizes all the activation data simultaneously in a spectrum unfolding process using the FERRET data adjustment code.Hydrogen-filled proton-recoil proportional chambers are used at the beam port exit to acquire data of a higher energy resolution than that obtainable through foil activation techniques. These measurements are made to determine if structure in the aluminum scattering cross section would produce significant structure in the filtered spectrum in the fast neutron region.
S024,B,Ra-226 nuclear data and neutron-spectrum evidence,"Q10,Q3,Q4","14.77 MeV neutron-induced nuclear reaction cross sections for zinc, yttrium, and molybdenum targets*",T.S. Ganesapandy; G.T. Bholane; S. H. Patil; S.S. Dahiwale; V.N. Bhoraskar; S.D. Dhole,2022,article,Chinese Physics C,10.1088/1674-1137/aca584,https://doi.org/10.1088/1674-1137/aca584,title and abstract screened,experimental or measured,nuclear experiment,medium,no,no,no,no,no,no,yes,yes,no,22.0,Included for structured comparison; use the linked paper for claim-level details.,"Abstract The cross sections for neutron-induced nuclear reactions on natural zinc, yttrium, and molybdenum targets were measured at a neutron energy of 14.77 ± 0.17 MeV using the activation technique, offline gamma-ray spectrometry, and a detailed covariance analysis. The uncertainty in the statistical model calculations of cross sections for the ( n , 2 n ), ( n , p ), ( n , α ), and ( n , γ ) reactions with natural zinc, yttrium, and molybdenum at neutron energies from 13 to 17 MeV was calculated using the TALYS-1.96 nuclear code. The measured cross sections of the present study were compared with the experimental cross sections reported in the EXFOR database, the cross sections were calculated with the TALYS-1.96 and EMPIRE-3.2.3 nuclear codes and the evaluated nuclear data from the TENDL-2019, JENDL-5, and ENDF/B-VIII.0 libraries."
S025,B,Ra-226 nuclear data and neutron-spectrum evidence,"Q10,Q3,Q4","A Comprehensive Review of Fast Neutron-Induced (n,p) Reaction Excitation Functions and Their Applications",Dr. Manish Gupta,2026,article,Journal of Science Innovations and Nature of Earth,10.59436/jsiane.v6i1.29.2583-2093,https://doi.org/10.59436/jsiane.v6i1.29.2583-2093,title and abstract screened,experimental or measured,nuclear experiment,medium,no,no,no,no,no,no,yes,no,no,22.0,Included for structured comparison; use the linked paper for claim-level details.,"One of the most important categories of nuclear reactions to study both nuclear structure, reaction mechanisms and applications in the field of nuclear engineering is (n,p) reactions caused by fast neutrons. Accurate excitation functions of this type of reactions provide the essential cross-section data required in any reactor design, fusion, radiation shielding and dosimetry, as well as in medical isotope production, activation analysis and nuclear astrophysics. Over the last few decades a lot of experimental work and theoretical calculations concerning (n,p) reactions have been done through the use of sources based on accelerators, while the availability of more advanced reaction codes such as TALYS, EMPIRE, CoH and ALICE has made the predictions of excitation functions better across wide ranges of neutron energy. The aim of this review is to present the knowledge available about the excitation functions of fast neutron-induced reactions and to result in the ranges of neutron energy, starting from threshold and going to nearly 30 MeV. Different experimental techniques like activation methods, time-of-flight spectroscopy and quasi-monoenergetic neutron production procedures are also dealt with together with their uncertainties and difficulties in measurement. Moreover, the evaluation of major nuclear data libraries including ENDF/B, JEFF, JENDL, TENDL, IRDFF and EXFOR is carried out in order to compare discrepancies of experimental databases and theoretical evaluations. The article also discusses the developments that are being made concerning reaction modelling, potential optical model theory, pre-equilibrium process, formation of compound nucleus and theories used in this area of study. Also there are discussions of using excitation functions of (n,p) reactions, where discussed applications include reactors and fusion energy systems, among others. Emerging trends involving machine learning will also be discussed here, while suggestions for future research will also be provided to enable improvements in both areas of experimental accuracy and theoretical reliability."
S026,B,Ra-226 nuclear data and neutron-spectrum evidence,"Q10,Q3,Q4","Measurement of <mml:math xmlns:mml=""http://www.w3.org/1998/Math/MathML""><mml:mo>(</mml:mo><mml:mrow><mml:mi>n</mml:mi><mml:mo>,</mml:mo><mml:mi>γ</mml:mi></mml:mrow><mml:mo>)</mml:mo><mml:mo>,</mml:mo><mml:mo> </mml:mo><mml:mo>(</mml:mo><mml:mrow><mml:mi>n</mml:mi><mml:mo>,</mml:mo><mml:mi>p</mml:mi></mml:mrow><mml:mo>)</mml:mo></mml:math>, and <mml:math xmlns:mml=""http://www.w3.org/1998/Math/MathML""><mml:mo>(</mml:mo><mml:mrow><mml:mi>n</mml:mi><mml:mo>,</mml:mo><mml:mn>2</mml:mn><mml:mi>n</mml:mi></mml:mrow><mml:mo>)</mml:mo></mml:math> reaction cross sections for sodium, potassium, copper, and iodine at neutron energy <mml:math xmlns:mml=""http://www.w3.org/1998/Math/MathML""><mml:mrow><mml:mn>14.92</mml:mn><mml:mo>±</mml:mo><mml:mn>0.02</mml:mn></mml:mrow></mml:math> MeV with covariance analysis",A. Gandhi; Aman Sharma; A. Kumar; Rebecca Pachuau; B. Lalremruata; S. V. Suryanarayana; et al.,2020,article,Physical Review C,10.1103/physrevc.102.014603,https://doi.org/10.1103/physrevc.102.014603,title and abstract screened,experimental or measured,nuclear experiment,medium,no,no,no,no,no,no,yes,yes,no,22.0,Included for structured comparison; use the linked paper for claim-level details.,"The cross section of the $^{23}\mathrm{Na}(n,\ensuremath{\gamma})^{24}\mathrm{Na}, ^{41}\mathrm{K}(n,p)^{41}\mathrm{Ar}, ^{65}\mathrm{Cu}(n,p)^{65}\mathrm{Ni}$, and $^{127}\mathrm{I}(n,2n)^{126}\mathrm{I}$ reactions have been measured at $14.92\ifmmode\pm\else\textpm\fi{}0.02$ MeV neutron energy through neutron activation method followed by off-line $\ensuremath{\gamma}$-ray spectrometry. $^{27}\mathrm{Al}(n,\ensuremath{\alpha})^{24}\mathrm{Na}$ is used as a reference reaction for the neutron flux normalization. The neutron beam was produced via the $^{3}\mathrm{H}(d,n)$ fusion reaction. Detailed uncertainty propagation has been performed using the covariance analysis and the measured cross sections are being reported with their uncertainties and correlation matrix. The cross sections measured in the present work are compared with the earlier reported cross sections available in the EXFOR database. Furthermore, theoretical calculations have been performed using the empire-3.2 and talys-1.9 codes with RIPL-3 parametrization, from reaction threshold to 20 MeV. The present experimental cross sections are also compared with the evaluated nuclear data from TENDL-2017, JENDL-4.0, and ENDF/B-VIII.0. In the case of $(n,\ensuremath{\gamma})$ and $(n,2n)$ reactions, the comparison is also made with the IRDFF-1.05 evaluation."
S027,B,Ra-226 nuclear data and neutron-spectrum evidence,"Q10,Q3,Q4","Model-based predictions for nuclear excitation functions of neutron-induced reactions on 64 ,66 −68 Zn targets",Mustafa Yi̇ği̇t; Ayhan Kara,2017,article,Nuclear Engineering and Technology,10.1016/j.net.2017.03.006,https://doi.org/10.1016/j.net.2017.03.006,title and abstract screened,experimental or measured,domain study,medium,no,no,no,no,no,no,yes,no,no,22.0,Included for structured comparison; use the linked paper for claim-level details.,"In this paper, nuclear data for cross sections of the 64 Zn(n,2n) 63 Zn, 64 Zn(n,3n) 62 Zn, 64 Zn(n,p) 64 Cu, 66 Zn(n,2n) 65 Zn, 66 Zn(n,p) 66 Cu, 67 Zn(n,p) 67 Cu, 68 Zn(n,p) 68 Cu, and 68 Zn(n,α) 65 Ni reactions were studied for neutron energies up to 40 MeV. In the nuclear model calculations, TALYS 1.6, ALICE/ASH, and EMPIRE 3.2 codes were used. Furthermore, the nuclear data for the (n,2n) and (n,p) reaction channels were also calculated using various cross-section systematics at energies around 14–15 MeV. The code calculations were analyzed and obtained using the different level densities in the exciton model and the geometry-dependent hybrid model. The results obtained from the excitation function calculations are discussed and compared with literature experimental data, ENDF/B-VII.1, and the TENDL-2015 evaluated data."
S028,B,Ra-226 nuclear data and neutron-spectrum evidence,"Q10,Q3,Q4",Measuring neutron spectra in radiotherapy using the nested neutron spectrometer,Robert Maglieri; A Licea; Michael D. Evans; Jan Seuntjens; J. Kildea,2015,article,Medical Physics,10.1118/1.4931963,https://doi.org/10.1118/1.4931963,title and abstract screened,mixed simulation and measurement,nuclear experiment,medium,no,no,no,no,no,no,yes,no,yes,21.0,Included for structured comparison; use the linked paper for claim-level details.,"PURPOSE: Out-of-field neutron doses resulting from photonuclear interactions in the head of a linear accelerator pose an iatrogenic risk to patients and an occupational risk to personnel during radiotherapy. To quantify neutron production, in-room measurements have traditionally been carried out using Bonner sphere systems (BSS) with activation foils and TLDs. In this work, a recently developed active detector, the nested neutron spectrometer (NNS), was tested in radiotherapy bunkers. METHODS: The NNS is designed for easy handling and is more practical than the traditional BSS. Operated in current-mode, the problem of pulse pileup due to high dose-rates is overcome by measuring current, similar to an ionization chamber. In a bunker housing a Varian Clinac 21EX, the performance of the NNS was evaluated in terms of reproducibility, linearity, and dose-rate effects. Using a custom maximum-likelihood expectation-maximization algorithm, measured neutron spectra at various locations inside the bunker were then compared to Monte Carlo simulations of an identical setup. In terms of dose, neutron ambient dose equivalents were calculated from the measured spectra and compared to bubble detector neutron dose equivalent measurements. RESULTS: The NNS-measured spectra for neutrons at various locations in a treatment room were found to be consistent with expectations for both relative shape and absolute magnitude. Neutron fluence-rate decreased with distance from the source and the shape of the spectrum changed from a dominant fast neutron peak near the Linac head to a dominant thermal neutron peak in the moderating conditions of the maze. Monte Carlo data and NNS-measured spectra agreed within 30% at all locations except in the maze where the deviation was a maximum of 40%. Neutron ambient dose equivalents calculated from the authors' measured spectra were consistent (one standard deviation) with bubble detector measurements in the treatment room. CONCLUSIONS: The NNS may be used to reliably measure the neutron spectrum of a radiotherapy beam in less than 1 h, including setup and data unfolding. This work thus represents a new, fast, and practical method for neutron spectral measurements in radiotherapy."
S029,B,Ra-226 nuclear data and neutron-spectrum evidence,"Q10,Q3,Q4",Threshold-Foil Measurements of Reactor Neutron Spectra for Radiation Damage Applications,V.V. Verbinski; N.A. Lurie; V.C. Rogers,1978,article,Nuclear Science and Engineering,10.13182/nse78-a27160,https://doi.org/10.13182/nse78-a27160,title and abstract screened,experimental or measured,nuclear experiment,medium,no,no,no,no,no,no,yes,no,no,20.0,Included for structured comparison; use the linked paper for claim-level details.,"The accuracy of unfolding neutron spectra with threshold activation foils was investigated by comparing the unfolded spectra with “known” spectra obtained from calculations verified with more accurate spectrometry techniques. Because of the lack of spectral data below 1 MeV (only one useful activation threshold exists between 0.01 and 1 MeV), reliable results are generally obtained only with the a priori constraint of a physically complete trial spectrum. A family of trial spectra useful for reactor spectra [and any nuclear “evaporation” spectra, such as from high-energy (γ, n) reactions] has been formulated. The sensitivity of the solution ϕ(E) to the specific unfolding code used, to the threshold-foil cross sections and related nuclear data, and to foil-activation measurement accuracy was also investigated."
S030,B,Ra-226 nuclear data and neutron-spectrum evidence,"Q10,Q3,Q4","Impact of Photonuclear Reactions on Neutron Dosimetry in 252Cf(s.f.) and 235U(nth,f) Neutron-gamma Mixed Radiation Fields",Sergey Simakov,2024,report,International Atomic Energy Agency,10.61092/iaea.r0ba-4gsw,https://doi.org/10.61092/iaea.r0ba-4gsw,title and abstract screened,experimental or measured,domain study,medium,no,no,no,no,no,no,yes,no,no,19.0,Included for structured comparison; use the linked paper for claim-level details.,"The systematic analysis of the competition between the -ray induced and the neutron dosimetry reactions in the 252 Cf(s.f.) and 235 U(nth,f) mixed neutron-gamma radiation fields was performed for the first time.49 neutron induced reactions on mono-isotopes in the IRDFF-II library were found for which the photonuclear reactions produce the same residual or observable.The following competing reaction pairs were eventually considered: (n,f) and (,f), (n,n') and (,'), (n,xn) and (,(x-1)n) with neutron multiplicity x = 2 -10, (n,np+d) and (,p), (n,) and (,h).The contributions were quantitatively estimated using the calculated gamma and neutron Spectrum Averaged Cross Sections (SACS).The energy spectra and multiplicities for the 252 Cf(s.f.) and 235 U(nth,f) radiations where taken either from nuclear standards (e.g., prompt fission neutron spectra) or from available evaluations (e.g., fission gamma spectra) which are presently known up to 20 -30 MeV.Both the prompt and delayed radiation emission modes were considered.Extrapolation of the radiation energy distributions for 252 Cf(s.f.) and 235 U(nth,f) up to 100 -200 MeV was made based on the energy trends or scarce existing experimental data.Eventually the impact of (,x) on the total residual production was shown to be less than 1% for most of the considered reaction pairs and thus could be neglected since 1% is the highest accuracy presently achievable.The role of the photonuclear reaction increases and becomes dominating for the high threshold reactions such as (,(x-1)n) and (n,xn) on 209 Bi when x 5, if the energy distribution of gammas from 252 Cf(s.f.) and 235 U(nth,f) tends to plateau at energies above 40 MeV.In addition to the mono-isotope targets, the natural elements which are also included in IRDFF-II were considered.13 elements were found, where, additionally to the neutron dosimetry reactions on specific isotopes, the photonuclear reactions on other isotopes will contribute to the radionuclide production.Such an impact was estimated to be lower than 10 -4 % and can be safely neglected in neutron dosimetry."
S031,B,Ra-226 nuclear data and neutron-spectrum evidence,"Q10,Q3,Q4",Measurement of Neutron Flux Spectra in a Tungsten Benchmark by Neutron Foil Activation Method,C. Negoita,2004,dissertation,Qucosa (Saxon State and University Library Dresden),,https://tud.qucosa.de/id/qucosa%3A24379,title and abstract screened,mixed simulation and measurement,domain study,medium,no,no,no,no,no,no,yes,no,yes,19.0,Included for structured comparison; use the linked paper for claim-level details.,"The nuclear design of fusion devices such as ITER (International Thermonuclear Experimental Reactor), which is an experimental fusion reactor based on the &amp;quot;tokamak&amp;quot; concept, rely on the results of neutron physical calculations. These depend on the knowledge of the neutron and photon flux spectra which is particularly important because it permits to anticipate the possible answers of the whole structure to phenomena such as nuclear heating, tritium breeding, atomic displacements, radiation shielding, power generation and material activation. The flux spectra can be calculated with transport codes, but validating measurements are also required. An important constituent of structural materials and divertor areas of fusion reactors is tungsten. This thesis deals with the measurement of the neutron fluence and neutron energy spectrum in a tungsten assembly by means of multiple foil neutron activation technique. In order to check and qualify the experimental tools and the codes to be used in the tungsten benchmark experiment, test measurements in the D-T and D-D neutron fields of the neutron generator at Technische Universität Dresden were performed. The characteristics of the D-D and D-T reactions, used to produce monoenergetic neutrons, together with the selection of activation reactions suitable for fusion applications and details of the activation measurements are presented. Corrections related to the neutron irradiation process and those to the sample counting process are discussed, too. The neutron fluence and its energy distribution in a tungsten benchmark, irradiated at the Frascati Neutron Generator with 14 MeV neutrons produced by the T(d, n)4He reaction, are then derived from the measurements of the neutron induced &amp;amp;#947;-ray activity in the foils using the STAYNL unfolding code, based on the linear least-square-errors method, together with the IRDF-90.2 (International Reactor Dosimetry File) cross section library. The differences between the neutron flux spectra measured by means of neutron foil activation and the neutron flux spectra obtained in the same assembly, making use of an NE213 liquid-scintillation spectrometer were studied. The comparison of measured neutron spectra with the spectra calculated with the MCNP-4B (Monte Carlo neutron and photon transport) code, which allows a crucial test of the evaluated nuclear data used in fusion reactor design, is discussed, too. In conclusion, this thesis shows the applicability of the neutron foil activation technique for the measurement of neutron flux spectra inside a thick tungsten assembly irradiated with 14 MeV from a D-T generator."
S032,B,Ra-226 nuclear data and neutron-spectrum evidence,"Q1,Q10,Q4,Q5",Isotopic Depletion and Decay Methods and Analysis Capabilities in SCALE,Ian C Gauld; Georgeta Radulescu; Germina Ilas; Brian D. Murphy; Mark Williams; Dorothea Wiarda,2011,article,Nuclear Technology,10.13182/nt11-3,https://doi.org/10.13182/nt11-3,title and abstract screened,mixed simulation and measurement,transport/depletion solver,medium,no,no,yes,no,no,no,yes,no,yes,18.0,Included for structured comparison; use the linked paper for claim-level details.,"The calculation of fuel isotopic compositions is essential to support design, safety analysis, and licensing of many components of the nuclear fuel cycle—from reactor physics and severe accident analysis to back-end fuel cycle issues, including spent-fuel storage and transportation, reprocessing, and radioactive waste management. Versions of the ORIGEN code, developed by Oak Ridge National Laboratory, have been used worldwide for isotopic depletion and decay analysis for more than three decades. The supported version of ORIGEN, maintained as the depletion analysis module for SCALE 6, performs detailed time-dependent isotopic generation and depletion for 1946 nuclides for reactor fuel and activation analysis. Stand-alone ORIGEN calculations can be performed using cross-section libraries developed for a wide range of reactor types and fuel designs used worldwide, including light water reactors UO2 and MOX, CANDU, VVER 440 and 1000, RBMK, and graphite reactors. Alternatively, within SCALE 6, ORIGEN can be automatically coupled to two-dimensional discrete ordinates or three-dimensional Monte Carlo transport solvers that provide problem-dependent cross sections for use in the ORIGEN depletion calculation. The hybrid ability to function as either a stand-alone or coupled depletion code provides ORIGEN advanced capabilities to simulate a broad range of applications for various reactor systems. The nuclear data libraries in ORIGEN have been significantly improved recently, using modern ENDF/B nuclear data evaluations. The most recent developments in SCALE 6.1 include the addition of ENDF/B-VII decay data, energy-dependent fission yields, and fine-group ORIGEN neutron cross sections based on the JEFF-3.0/A special purpose activation files. Advanced methods and data for neutron and gamma source energy spectral analysis are also available in the current version of the code. The ORIGEN code and associated nuclear data libraries have been extensively validated against experimental data that include spent nuclear fuel isotopic assay data for actinides and fission products, radiation source spectra, and decay heat measurements."
S033,B,Ra-226 nuclear data and neutron-spectrum evidence,"Q1,Q10,Q2,Q3,Q4,Q7,Q9",Iterative Bayesian Monte Carlo for nuclear data evaluation,E. Alhassan; D. Rochman; A. Vasiliev; Mathieu Hursin; A. J. Koning; H. Ferroukhi,2022,article,Nuclear Science and Techniques,10.1007/s41365-022-01034-w,https://doi.org/10.1007/s41365-022-01034-w,title and abstract screened,mixed simulation and measurement,domain study,medium,no,no,no,no,no,no,yes,no,yes,18.0,Included for structured comparison; use the linked paper for claim-level details.,"Abstract In this work, we explore the use of an iterative Bayesian Monte Carlo (iBMC) method for nuclear data evaluation within a TALYS Evaluated Nuclear Data Library (TENDL) framework. The goal is to probe the model and parameter space of the TALYS code system to find the optimal model and parameter sets that reproduces selected experimental data. The method involves the simultaneous variation of many nuclear reaction models as well as their parameters included in the TALYS code. The ‘best’ model set with its parameter set was obtained by comparing model calculations with selected experimental data. Three experimental data types were used: (1) reaction cross sections, (2) residual production cross sections, and (3) the elastic angular distributions. To improve our fit to experimental data, we update our ‘best’ parameter set—the file that maximizes the likelihood function—in an iterative fashion. Convergence was determined by monitoring the evolution of the maximum likelihood estimate (MLE) values and was considered reached when the relative change in the MLE for the last two iterations was within 5%. Once the final ‘best’ file is identified, we infer parameter uncertainties and covariance information to this file by varying model parameters around this file. In this way, we ensured that the parameter distributions are centered on our evaluation. The proposed method was applied to the evaluation of p+ $$^{59}$$ <mml:math xmlns:mml=""http://www.w3.org/1998/Math/MathML""> <mml:msup> <mml:mrow/> <mml:mn>59</mml:mn> </mml:msup> </mml:math> Co between 1 and 100 MeV. Finally, the adjusted files were compared with experimental data from the EXFOR database as well as with evaluations from the TENDL-2019, JENDL/He-2007 and JENDL-4.0/HE nuclear data libraries."
S034,B,Ra-226 nuclear data and neutron-spectrum evidence,"Q10,Q3,Q4",Neutron-induced reaction cross sections on selenium isotopes at 14-15 MeV: Activation measurements and covariance analysis,Vandana .; Shivani Sharma; N L Singh; Mayur Mehta; Mitul Abhangi; Ratnesh Kumar; et al.,2026,article,Chinese Physics C,10.1088/1674-1137/ae7a19,https://doi.org/10.1088/1674-1137/ae7a19,title and abstract screened,experimental or measured,nuclear experiment,medium,no,no,no,no,no,no,yes,yes,no,18.0,Included for structured comparison; use the linked paper for claim-level details.,"Abstract Neutron-induced reaction cross sections of Se isotopes have been investigated using activation technique via 3H(D, n)4He (D-T) fusion reaction at Neutron and Ion Irradiation Facility (NIIF) at Institute for Plasma Research (IPR), India. The emitted gamma (γ) ray from radioactive sample (Se) was examined through a High Purity Germanium (HPGe) detector. The measured cross section of 76Se(n,p)76As, 78Se(n,p)78As, 82Se(n,2n)81Seg, 76Se(n,2n)75Se, and 80Se(n,α)77Ge are 55.30 ± 4.09 mb, 18.77 ± 1.12 mb, 529.78 ± 51.23 mb, 903.98 ± 55.99 mb, and 2.01 ± 0.12 mb respectively at neutron energy of 14.96 ± 0.22 MeV. The detailed uncertainty propagation from the various parameters and cross-correlation of aforementioned reactions is estimated using covariance analysis. Furthermore, the measured cross section values are compared with the EXFOR database, and evaluated nuclear libraries (ENDF/B-VIII.1, JEFF-4.0, JENDL-5, TENDL-2023 and CENDL-3.2). Cross section is also reproduced theoretically using TALYS 2.0 code with an adjusted (optimized) set of parameters and contributions of various nuclear reaction mechanism involved to the cross section have been systematically analyzed and discussed. In addition, the present measured reactions cross section are also quantified with the various established semi-empirical systematic formulae. This work also provides statistical validation via chi-square minimization to identify theoretical models and semi-empirical formulae that accurately reproduce best measured cross section value."
S035,B,Ra-226 nuclear data and neutron-spectrum evidence,"Q10,Q3,Q4,Q8",Propagation of Isotopic Bias and Uncertainty to Criticality Safety Analyses of PWR Waste Packages,Georgeta Radulescu,2010,report,Oak Ridge National Laboratory (ORNL),10.2172/982739,https://doi.org/10.2172/982739,title and abstract screened,simulation or solver generated,transport/depletion solver,medium,no,no,yes,no,no,no,no,yes,yes,18.0,Included for structured comparison; use the linked paper for claim-level details.,"Burnup credit methodology is economically advantageous because significantly higher loading capacity may be achieved for spent nuclear fuel (SNF) casks based on this methodology as compared to the loading capacity based on a fresh fuel assumption. However, the criticality safety analysis for establishing the loading curve based on burnup credit becomes increasingly complex as more parameters accounting for spent fuel isotopic compositions are introduced to the safety analysis. The safety analysis requires validation of both depletion and criticality calculation methods. Validation of a neutronic-depletion code consists of quantifying the bias and the uncertainty associated with the bias in predicted SNF compositions caused by cross-section data uncertainty and by approximations in the calculational method. The validation is based on comparison between radiochemical assay (RCA) data and calculated isotopic concentrations for fuel samples representative of SNF inventory. The criticality analysis methodology for commercial SNF disposal allows burnup credit for 14 actinides and 15 fission product isotopes in SNF compositions. The neutronic-depletion method for disposal criticality analysis employing burnup credit is the two-dimensional (2-D) depletion sequence TRITON (Transport Rigor Implemented with Time-dependent Operation for Neutronic depletion)/NEWT (New ESC-based Weighting Transport code) and the 44GROUPNDF5 crosssection library in the Standardized Computer Analysis for Licensing Evaluation (SCALE 5.1) code system. The SCALE 44GROUPNDF5 cross section library is based on the Evaluated Nuclear Data File/B Version V (ENDF/B-V) library. The criticality calculation code for disposal criticality analysis employing burnup credit is General Monte Carlo N-Particle (MCNP) Transport Code. The purpose of this calculation report is to determine the bias on the calculated effective neutron multiplication factor, k{sub eff}, due to the bias and bias uncertainty associated with predicted spent fuel compositions (i.e., determine the penalty in reactivity due to isotopic composition bias and uncertainty) for use in disposal criticality analysis employing burnup credit. The method used in this calculation to propagate the isotopic bias and bias-uncertainty values to k{sub eff} is the Monte Carlo uncertainty sampling method. The development of this report is consistent with 'Test Plan for: Isotopic Validation for Postclosure Criticality of Commercial Spent Nuclear Fuel'. This calculation report has been developed in support of burnup credit activities for the proposed repository at Yucca Mountain, Nevada, and provides a methodology that can be applied to other criticality safety applications employing burnup credit."
S036,B,Ra-226 nuclear data and neutron-spectrum evidence,"Q10,Q3,Q4",Secondary neutron production from thick target deuteron breakup,Jonathan Morrell; Andrew S. Voyles; J. C. Batchelder; J. A. Brown; L. A. Bernstein,2023,article,Physical Review C,10.1103/physrevc.108.024616,https://doi.org/10.1103/physrevc.108.024616,title and abstract screened,experimental or measured,domain study,high,no,no,no,no,no,no,yes,no,no,18.0,Included for structured comparison; use the linked paper for claim-level details.,"Thick target deuteron breakup is a variable-energy accelerator-based source of high-energy neutrons, with applications in fundamental and applied nuclear science and engineering. However, the breakup mechanism remains poorly understood, and data on neutron yields from thick target breakup remain relatively scarce. In this work, the double-differential neutron yields from deuteron breakup have been measured on a thick beryllium target at ${\ensuremath{\epsilon}}_{d}=33$ and 40 MeV, using both time-of-flight and activation techniques. We have also introduced a simple hybrid model for the double-differential deuteron breakup cross section, applicable in the ${\ensuremath{\epsilon}}_{d}=10--100$ MeV energy range on light ($Z\ensuremath{\le}6$) targets. This model features four empirical parameters that have been fit to reproduce experimental breakup measurements on beryllium targets, using the method of least squares. It was shown that these parameters extrapolate well to higher energies, and to other low-$Z$ target materials. We also include optimization of the parameters that modify the Kalbach systematics for compound and preequilibrium reactions, in order to better reproduce the experimental data for beryllium targets at large angles."
S037,B,Ra-226 nuclear data and neutron-spectrum evidence,"Q10,Q3,Q4","Study on (n,p) reactions of 58Ni, 99Tc, 99Ru, 131Xe, 133Cs and 186Os radioisotopes used in medicine",Hallo M. Abdullah; Ali H. Ahmed,2022,article,Nuclear Engineering and Technology,10.1016/j.net.2022.09.014,https://doi.org/10.1016/j.net.2022.09.014,title and abstract screened,experimental or measured,domain study,medium,no,no,no,no,no,no,yes,no,no,18.0,Included for structured comparison; use the linked paper for claim-level details.,"In the last decade , nuclear medicine appears to be a good choice of medicine. 58 Co, 99 Mo, 99 Tc, 99 Re, 133 Xe and 186 Re are very important radionuclides for nuclear medicine. In this study, the excitation functions of 58 Ni (n, p) 58 Co, 99 Tc (n, p) 99 Mo, 99 Ru (n, p) 99 Tc, 131 Xe (n, p) 131 I, 133 Cs (n, p) 133 Xe and 186 Os (n, p) 186 Re nuclear reactions were calculated at neutron energies between 1 and 20 MeV using TALYS 1.95 and EMPIRE 3.2 nuclear codes. Furthermore, the cross sections were calculated with the empirical formula derived in our past study at 14–15 MeV. The obtained results were compared with the measured values in EXFOR library, and with the evaluated data of (JENDL-4.0/HE, JEFF-3.3, TENDL-2019, ENDF/B-VIII.0, IRDFF-II, JENDL/ImPACT-18). The results are in good agreement with those of the evaluated data libraries and experimental results and indicates that these radioisotopes can be produced by smaller cyclotrons."
S038,B,Ra-226 nuclear data and neutron-spectrum evidence,"Q1,Q10,Q4,Q5","Updates to the ORIGEN-S Cross-Section Libraries Using ENDF-VI, EAF-99, and FENDL-2.0",Brian D. Murphy,2004,report,Oak Ridge National Laboratory (ORNL),10.2172/885742,https://doi.org/10.2172/885742,title and abstract screened,simulation or solver generated,transport/depletion solver,medium,no,no,no,no,no,no,no,no,yes,18.0,Included for structured comparison; use the linked paper for claim-level details.,"The standard cross-section library for light-water reactor (LWR) analyses used by the ORIGEN-S depletion and decay code has been extensively updated. This work entailed the development of broad multigroup neutron cross sections for ORIGEN-S from several sources of pointwise continuous-energy cross-section evaluations, including the U.S. Evaluated Nuclear Data Files ENDF/B-VI Release 7, the Fusion Evaluated Nuclear Data Library FENDL-2.0, and the European Activation File EAF-99. The pointwise cross sections were collapsed to a three-group structure using a continuous-energy neutron flux spectrum representative of the typical neutronic conditions of typical LWR fuel and formatted for use by ORIGEN-S. In addition, the fission-product library has been expanded to include ENDF/B-VI fission yield data for 30 fissionable actinides. The processing codes and procedures are explained. Preliminary verification studies using the updated libraries were performed using the modules of the SCALE (Standardized Computer Analyses for Licensing Evaluation) system. Comparisons between the previous basic ORIGEN-S libraries and the updated libraries developed in this work are presented."
S039,B,Ra-226 nuclear data and neutron-spectrum evidence,"Q3,Q4,Q10",ENDF/B-VIII.0: The 8th Major Release of the Nuclear Reaction Data Library,D. A. Brown et al.,2018,evaluated library paper,Nuclear Data Sheets,10.1016/j.nds.2018.02.001,https://doi.org/10.1016/j.nds.2018.02.001,publisher abstract screened,review or synthesis,domain study,high,no,no,no,no,no,no,no,no,no,30.0,Supports nuclear-data provenance; an evaluated library is not a substitute for pathway-level experimental validation.,Peer-reviewed description of the ENDF/B-VIII.0 evaluated nuclear data release and its verification basis.
S040,B,Ra-226 nuclear data and neutron-spectrum evidence,"Q1,Q10,Q2,Q3,Q4,Q5","Evaluation of the production amount of <sup>225</sup> Ac and its uncertainty through the <sup>226</sup> Ra(n,2n) reaction in the experimental fast reactor Joyo",Y. Sasaki; Aaru Sano; Shinji Sasaki; Nobuyuki Iwamoto; Kazuki Ouchi; Yoshihiro Kitatsuji; et al.,2023,article,Journal of Nuclear Science and Technology,10.1080/00223131.2023.2243941,https://doi.org/10.1080/00223131.2023.2243941,title and abstract screened,experimental or measured,domain study,context,no,yes,no,no,no,no,yes,yes,no,12.0,Included for structured comparison; use the linked paper for claim-level details.,"225Ac is a promising nuclide for targeted alpha therapy. At present, the nuclide is mainly extracted from 229Th generators, but its total radioactivity of the world is only 63 GBq/y. Therefore, it is unclear whether this method alone can meet future global medical demand. In this study, we analyzed the production amount of 225Ac and its uncertainty due to the neutron flux and nuclear reaction cross-sections while analyzing the generation process of 225Ac using the experimental fast reactor Joyo operated by the Japan Atomic Energy Agency (JAEA). The analysis showed that irradiating 1 g of 226Ra for 45 d at the core center of Joyo can produce 15.4 ± 6.2 GBq of 225Ac. Therefore, with six irradiations per year (45 d × 6 = 270 d/year), Joyo can produce 55.3 to 129.1 GBq of 225Ac, equivalent to 86 to 200% of the current world supply."
S041,C,"Depletion, activation, and trusted solvers","Q1,Q4,Q5","Computational Verification and Experimental Validation of BSOLVE – A New Multi-Group Burnup, Depletion, and Decay Computer Code for Advanced Nuclear Power Systems",Meng-Jen Wang; Glenn Sjoden; Taylor Kimball; Corey Hines,2026,article,Nuclear Science and Engineering,10.1080/00295639.2026.2667106,https://doi.org/10.1080/00295639.2026.2667106,title and abstract screened,mixed simulation and measurement,transport/depletion solver,high,no,no,no,no,no,no,yes,no,yes,49.0,Included for structured comparison; use the linked paper for claim-level details.,"This paper presents a comprehensive code-to-code verification and experimental validation of BSOLVE, a newly developed burnup, depletion, and decay analysis code based on the multi-group Runge–Kutta–Fehlberg/Verner (RKF/V) integration method. Unlike conventional depletion solvers that rely on matrix-exponential or Chebyshev rational approximation method (CRAM)–based approaches, BSOLVE directly integrates the production–depletion Bateman equations, enabling automated adaptive error-controlled time stepping and efficient tracking of long nuclide chains in reactor burnup simulations with energy-dependent physics treatments. Code-to-code benchmarking using a standard pressurized water reactor (PWR) pin is performed against the Monte Carlo depletion code SERPENT2.1.30 (CRAM) and the SCALE6.2.4 T-DEPL sequence (coupling the deterministic neutron transport solver NEWT with the ORIGEN depletion module, denoted as SCALE-NEWT+ORIGEN). In addition, experimental validation is conducted using measured neutron flux data from the 1 MW(thermal) Washington State University (WSU) TRIGA reactor, providing an independent reference for assessing the fidelity of the depletion methodology in high-burnup TRIGA fuel. Benchmark results on a standard fresh PWR pin unit cell demonstrate that end-of-cycle system eigenvalues differ by approximately 3000 pcm between the conventional burnup solvers SCALE-NEWT+ORIGEN and SERPENT. In contrast, BSOLVE solutions compare well, falling directly in between the others, exhibiting differences of approximately 1600 pcm relative to both SCALE and SERPENT at end of cycle. Experimental comparisons further indicate good agreement between BSOLVE predictions and WSU reactor measurements; BSOLVE results yielded excess reactivity differences to within ~14% and neutron flux values that differed generally by less than 20% across experimental irradiation locations. These results demonstrate that BSOLVE provides stable, accurate, and competitive depletion predictions relative to other state-of-the-art deterministic and Monte Carlo–based tools, while offering a transparent and memory-efficient alternative to traditional matrix-based solvers. The numerical formulations, benchmarking methodology, and experimental validation procedures are presented and discussed herein."
S042,C,"Depletion, activation, and trusted solvers","Q1,Q10,Q4,Q5",Molten Salt Reactor Experiment Simulation using Shift/Griffin,Donny Hartanto; Eva Davidson; Ashley C. Godfrey; Yang Cao; Tingzhou Fei; Mauricio Tano,2023,report,Oak Ridge National Laboratory (ORNL),10.2172/1997706,https://doi.org/10.2172/1997706,title and abstract screened,mixed simulation and measurement,transport/depletion solver,high,no,no,yes,no,no,no,yes,no,yes,49.0,Included for structured comparison; use the linked paper for claim-level details.,"The Department of Energy (DOE)’s NEAMS focuses its efforts on the development of advanced modeling and simulation (M&S) tools for light-water reactors (LWRs) and non–LWRs (i.e., molten salt reactors, high-temperature gas reactors, microreactors, and fast reactors). In the previous fiscal year, the Multiphysics Applications Driver Technical Area funded molten salt reactor (MSR) M&S at Oak Ridge National Laboratory (ORNL) to generate multigroup macroscopic cross sections with Shift for a MSRE 2D lattice model in Griffin. In addition, Shift’s capability to calculate gamma dose rates from activated components in the primary exchangers in a molten salt breeder reactor was also demonstrated. In fiscal year 2023, ORNL generated multigroup macroscopic cross sections using Shift for a 3D MSRE core model. MSRE depletion calculations using Griffin were also demonstrated in this fiscal year. For the depletion calculation, one-group microscopic cross sections for the 3D MSRE core were generated using Shift, and the decay transmutation library from ORIGEN was converted to an ISOXML file, which is required as input in Griffin. Several Monte Carlo codes, such as OpenMC and Serpent, were also used to benchmark and supplement multigroup cross sections generated by Shift. Multigroup libraries were generated with 8 and 20 group structures, and the study found the 8-group structure to be more accurate when comparing Griffin results to continuous energy (CE) Monte Carlo results. The average flux from CE Shift calculations is up to ~6% higher than the CE Serpent calculations because of different values applied for the energy released per fission (κ values). The average flux in the fuel salt calculated by Griffin using cross sections generated with Shift agrees well with the reference CE Shift solution; the same is valid for the corresponding Serpent results. The maximum relative error is ~6% and ~2% compared to the CE Shift and Serpent reference solutions, respectively. Meanwhile, the average flux calculated by Griffin in the graphite moderator shows a higher difference in the thermal range when compared to both reference Monte Carlo solutions; this result suggests a need for improvement in cross section generation for the graphite moderator in the thermal range in both Monte Carlo codes. Griffin depletion calculations using cross sections from Shift and Serpent were performed and compared against ORIGEN calculations, and the nuclide densities calculated by Griffin were found to be generally in agreement with those of ORIGEN. Because a different approach was taken to calculate the energy released per fission (<em>κ</em> values) in Shift and Serpent, a difference in nuclide densities from differences in the average flux was observed between Griffin using Serpent and Shift cross sections. Griffin calculations with Shift cross sections produced higher average flux in the salt than with Serpent cross sections, leading to higher consumption of <sup>235</sup>U and higher production of <sup>135</sup>Xe. For time-dependent depletion calculations, cross sections were generated with Serpent, and Griffin’s results using these cross sections were compared to CE Serpent depletion results, demonstrating good agreement. The average difference in keff between Serpent and Griffin as a function of burnup is about 155 pcm. Similarly, good agreement with small differences up to ~0.5% was also noticed in the nuclide density of <sup>235</sup>U and <sup>135</sup>Xe. More details regarding the methodologies invoked to generate the cross section to make code-to-code comparisons are discussed further in this report. User feedback on Griffin and Shift capabilities that will enhance these calculations is provided in this report for future consideration. The work performed this fiscal year can be extended further for multiphysics coupling of Griffin-Pronghorn/SAM with Mole to study precursor flow and salt chemistry."
S043,C,"Depletion, activation, and trusted solvers","Q1,Q4,Q5",Architecture Improvements and Retesting of the Microscopic Depletion Implementation in the MAMMOTH Reactor Physics Application,Olin Calvin; Javier Ortensi; Yaqi Wang; Sebastian Schunert; Sedat Goluoglu; Mark DeHart,2019,report,Idaho National Laboratory,10.2172/1788042,https://doi.org/10.2172/1788042,title and abstract screened,mixed simulation and measurement,transport/depletion solver,high,no,no,yes,no,no,no,yes,no,yes,32.0,Included for structured comparison; use the linked paper for claim-level details.,"Nuclear fuel experiments conducted at the Transient Reactor Test Facility (TREAT) will be analyzed with the MAMMOTH reactor physics application, currently under development at Idaho National Laboratory. MAMMOTH natively couples with the BISON, RELAP-7, and Rattlesnake applications within the MOOSE framework. The implemented methods allow for simulating the irradiation of fuel in a nuclear reactor from the beginning of life in a nuclear reactor until it is placed in TREAT for fuel testing using the same finite element mesh throughout the analysis retaining a very high level of resolution and fidelity. The calculation of the isotopic distribution in fuel requires the solution to the decay and transmutation equations coupled to the neutron transport equation. This report focuses on three significant improvements to the MAMMOTH micro-depletion capability. First, the depletion architecture within MAMMOTH is modified to improve the flexibility and speed of burnup calculations. The results of various benchmark tests demonstrate that the refactoring of the previously implemented capability does not introduce any regression. The second improvement involves the expansion of the data functionality. MAMMOTH can now read the decay data files used by the Oak Ridge Isotope Generation (ORIGEN) code, thus enabling access to data of more than 1,600 isotopes. The third improvement is the capability to perform depletion at a constant power level which was verified via a comparison to ORIGEN."
S044,C,"Depletion, activation, and trusted solvers","Q1,Q10,Q4,Q5",Estimation of the radionuclide inventory in LWR spent fuel assembly structural materials for long-term safety analysis,Stefano Caruso,2016,article,EPJ Nuclear Sciences & Technologies,10.1051/epjn/e2015-50057-8,https://doi.org/10.1051/epjn/e2015-50057-8,title and abstract screened,simulation or solver generated,transport/depletion solver,high,no,no,no,no,no,no,no,no,yes,32.0,Included for structured comparison; use the linked paper for claim-level details.,"The radionuclide inventory of materials irradiated in a reactor depends on the initial material composition, irradiation history and on the magnitude and spectrum of the neutron flux. The material composition of a fuel assembly structure includes various alloys of Zircaloy, Inconel and stainless steel. The existing impurities in these materials are very important for accurate determination of the activation of all nuclides with a view to assessing the radiological consequences of their geological disposal. In fact, the safety assessments of geological repositories require the average and maximum (in the sense of very conservative) inventories of the very long-lived nuclides as input. The purpose of the present work is to describe the methodology applied for determining the activation of these nuclides in fuel assembly structural materials by means of coupled depletion/activation calculations and also to crosscheck the results obtained from two approaches. UO2 and MOX PWR fuels have been simulated using SCALE/TRITON, simultaneously irradiating the fuel region in POWER mode and the cladding region in FLUX mode and aiming to produce binary macro cross-section libraries by applying accurate local neutron spectra in the cladding region as a function of irradiation history that are suitable for activation calculations. The developed activation libraries have been re-employed in a second run using the ORIGEN-S program for a dedicated activation calculation. The axial variation of the neutron flux along the fuel assembly length has also been considered. The SCALE calculations were performed using a 238-group cross-section library, according to the ENDF/B-VII. The results obtained with the ORIGEN-S activation calculations are compared with the results obtained from TRITON via direct irradiation of the cladding, as allowed by the FLUX mode. It is shown that an agreement on the total calculated activities can be found within 55% for MOX and within 22% for UO2, whereas the latter is reduced to 9% when more accurate irradiation data are used (core-follow flux data instead of life-average flux data)."
S045,C,"Depletion, activation, and trusted solvers","Q1,Q4,Q5",A method for including external feed in depletion calculations with CRAM and implementation into ORIGEN,Aarno Isotalo; William Wieselquist,2015,article,Annals of Nuclear Energy,10.1016/j.anucene.2015.04.037,https://doi.org/10.1016/j.anucene.2015.04.037,title and abstract screened,simulation or solver generated,transport/depletion solver,high,no,no,no,no,no,no,no,no,yes,30.0,Included for structured comparison; use the linked paper for claim-level details.,
S046,C,"Depletion, activation, and trusted solvers","Q1,Q10,Q4,Q5",Neutron transport and activation comparison between OpenMC and FISPACT-II in ARC-class reactor,Davide Pettinari; Raffaella Testoni; Massimo Zucchetti; Miriam Parisi,2024,article,Fusion Engineering and Design,10.1016/j.fusengdes.2024.114713,https://doi.org/10.1016/j.fusengdes.2024.114713,title and abstract screened,simulation or solver generated,transport/depletion solver,high,no,no,no,no,no,no,no,no,yes,30.0,Included for structured comparison; use the linked paper for claim-level details.,"In a fusion reactor, high-energy neutron fluxes strike the materials causing radiation damage and triggering nuclear reactions that alter the chemical composition of the materials through transmutation. This investigation employs the Monte Carlo code OpenMC with Direct Accelerated Geometry Monte Carlo (DAGMC), a software package that allows users to perform Monte Carlo radiation transport directly on CAD models. The analysis was conducted on an Affordable Robust Compact (ARC) class reactor using a 3D CAD geometry. OpenMC supports depletion calculations allowing for the time evolution of the radioactive inventories evaluation. This study focuses on the machine’s nuclear performance, analyzing tritium production, neutron fluxes, and power deposition to assess the reactor’s behavior. It also explores the primary aspects of neutron irradiation on solid materials in the ARC class reactor, with particular emphasis on neutron-induced activation and displacements per atom (DPA). The neutronic results indicate that the predicted tritium breeding ratio and power density are consistent with both the reactor design specifications and the findings in existing literature, while the DPA and activation calculations reveal key areas of material degradation due to neutron irradiation. To validate the accuracy of the results, a comparison was made with corresponding results obtained using the FISPACT-II code. The agreement between the two codes serves as a benchmark for the reliability of OpenMC in predicting nuclear activation phenomena in fusion reactors. • OpenMC and FISPACT-II comparisons show consistent predictions for activation analysis. • OpenMC’s depletion chains lack key nuclides and reactions for activation predictions. • DPA analysis highlights the need for 3D models for accurate damage assessment. • Neutronics analysis reveals regions of maximum neutron flux and power deposition."
S047,C,"Depletion, activation, and trusted solvers","Q1,Q10,Q3,Q4,Q5,Q8",Validation of nuclide depletion capabilities in Monte Carlo code MCS,Bamidele Ebiwonjumi; Hyunsuk Lee; Wonkyeong Kim; Deokjung Lee,2020,article,Nuclear Engineering and Technology,10.1016/j.net.2020.02.017,https://doi.org/10.1016/j.net.2020.02.017,title and abstract screened,mixed simulation and measurement,transport/depletion solver,high,no,no,no,no,no,no,yes,no,yes,30.0,Included for structured comparison; use the linked paper for claim-level details.,"In this work, the depletion capability implemented in Monte Carlo code MCS is investigated to predict the isotopic compositions of spent nuclear fuel (SNF). By comparison of MCS calculation results to post irradiation examination (PIE) data obtained from one pressurized water reactor (PWR), the validation of this capability is conducted. The depletion analysis is performed with the ENDF/B-VII.1 library and a fuel assembly model. The transmutation equation is solved by the Chebyshev Rational Approximation Method (CRAM) with a depletion chain of 3820 isotopes. 18 actinides and 19 fission products are analyzed in 14 SNF samples. The effect of statistical uncertainties on the calculated number densities is discussed. On average, most of the actinides and fission products analyzed are predicted within ±6% of the experiment. MCS depletion results are also compared to other depletion codes based on publicly reported information in literature. The code-to-code analysis shows comparable accuracy. Overall, it is demonstrated that the depletion capability in MCS can be reliably applied in the prediction of SNF isotopic inventory."
S048,C,"Depletion, activation, and trusted solvers","Q1,Q10,Q4,Q5",High-Precision Higher-Order Coefficients for the Chebyshev Rational Approximation Method (CRAM),Christopher Fichtlscherer,2026,article,Nuclear Science and Engineering,10.1080/00295639.2026.2688038,https://doi.org/10.1080/00295639.2026.2688038,title and abstract screened,method or metadata,transport/depletion solver,high,no,no,no,no,no,no,no,no,no,29.0,Included for structured comparison; use the linked paper for claim-level details.,"The Chebyshev rational approximation method (CRAM) computes the matrix exponential by applying the best rational approximation (of order k) to ex on (−∞,0] directly to the matrix. Published CRAM coefficients are available up to order 48. Applications such as coupled depletion-transport calculations, extended-precision arithmetic, nuclear safeguards verification, or nuclear arms control and disarmament verification may require higher-order coefficients or higher precision, yet the code to compute them has never been published. Pusa described the underlying Remez algorithm in detail but did not release an implementation. I present an open-source C++ implementation that solves the nonlinear equioscillation system in a Möbius-transformed variable, enabling the efficient determination of CRAM coefficients of arbitrary even order and precision. For orders above 48, where the direct algorithm fails due to Newton degeneracy, I introduce an order-continuation scheme that chains converged solutions from order k to order k+2 using equioscillation-derived alternation points. Using this approach, I reproduce all published coefficients and extend the computation to order 100. The method is demonstrated on the 232Th decay chain spanning 24 orders of magnitude in eigenvalue stiffness. A second example, a ten-nuclide actinide burnup chain, shows a trace 235U concentration that CRAM-48 cannot resolve but CRAM-100 recovers. The source code and all computed coefficients are publicly available."
S049,C,"Depletion, activation, and trusted solvers","Q1,Q4,Q5",Monte Carlo burnup and its uncertainty propagation analyses for VERA depletion benchmarks by McCARD,Ho Jin Park; Dong Hyuk Lee; Byoung Kyu Jeon; Hyung Jin Shim,2018,article,Nuclear Engineering and Technology,10.1016/j.net.2018.06.003,https://doi.org/10.1016/j.net.2018.06.003,title and abstract screened,simulation or solver generated,transport/depletion solver,high,no,no,no,no,no,no,no,yes,yes,29.0,Included for structured comparison; use the linked paper for claim-level details.,"For an efficient Monte Carlo (MC) burnup analysis, an accurate high-order depletion scheme to consider the nonlinear flux variation in a coarse burnup-step interval is crucial accompanied with an accurate depletion equation solver. In a Seoul National University MC code, McCARD, the high-order depletion schemes of the quadratic depletion method (QDM) and the linear extrapolation/quadratic interpolation (LEQI) method and a depletion equation solver by the Chebyshev rational approximation method (CRAM) have been newly implemented in addition to the existing constant extrapolation/backward extrapolation (CEBE) method using the matrix exponential method (MEM) solver with substeps. In this paper, the quadratic extrapolation/quadratic interpolation (QEQI) method is proposed as a new high-order depletion scheme. In order to examine the effectiveness of the newly-implemented depletion modules in McCARD, four problems in the VERA depletion benchmarks are solved by CEBE/MEM, CEBE/CRAM, LEQI/MEM, QEQI/MEM, and QDM for gadolinium isotopes. From the comparisons, it is shown that the QEQI/MEM predicts k inf 's most accurately among the test cases. In addition, statistical uncertainty propagation analyses for a VERA pin cell problem are conducted by the sensitivity and uncertainty and the stochastic sampling methods."
S050,C,"Depletion, activation, and trusted solvers","Q1,Q4,Q5",Computational Methods for Burnup Calculations with Monte Carlo Neutronics,Aarno Isotalo,2013,dissertation,Aaltodoc (Aalto University),,https://aaltodoc.aalto.fi/handle/123456789/11456,title and abstract screened,simulation or solver generated,transport/depletion solver,high,no,no,no,no,no,no,no,no,yes,27.0,Included for structured comparison; use the linked paper for claim-level details.,"The work described in this thesis deals with the computational methods and algorithms used in burnup calculations, which model changes in the composition of nuclear fuel under irradiation. While only cases where the neutron transport part of the calculation is handled by the Monte Carlo method are considered, most of the results should also be applicable with deterministic neutronics.&#13;\n&#13;\nDuring each step of a Monte Carlo burnup calculation, changes in material compositions are solved by evaluating an explicit solution to the Bateman equations with constant coefficients. Five depletion algorithms capable of doing this while explicitly modeling all of the thousands of nuclides and reactions encountered in burnup calculations were compared. The results are quite conclusive and, together with other studies, show rational approximation based matrix exponential methods to be the best choice for Monte Carlo burnup calculations.&#13;\nThe constant coefficients of the Bateman equations are selected by a coupling scheme that uses one or more steady state neutronics solutions to predict their time development. Because the coefficients must be constant, these predictions are further approximated with their averages. New coupling schemes that use data from the previous step to make higher order predictions are presented. Since the old values are readily available, no additional calculations are required, and the stepwise running time is not affected. The coupling is further improved by dividing the steps to substeps, which are then solved sequentially. Since each substep can use different coefficients for the Bateman equations, this allows piecewise constant, rather than constant, approximation of the predicted behavior. These new methods greatly improve the accuracy obtainable with given step lengths, thus allowing longer steps to be used.&#13;\nPrior studies have shown that the existing coupling schemes used in Monte Carlo burnup calculations suffer from instabilities caused by spatial xenon oscillations. The new methods are also affected, but it is shown that the simulation models used in these tests actually describe physical xenon oscillations, not a stable state. Thus it is the models, not the methods used to solve them, that are unstable. Regardless, all xenon driven oscillations can be prevented by forcing a mutual equilibrium between the neutron flux and saturated xenon distribution. The equilibrium calculation can be integrated to Monte Carlo neutronics, which provides a simple and lightweight solution that can be used with any of the existing burnup calculation algorithms. However, oscillations driven by nuclides other than xenon may still arise if step lengths are too long."
S051,C,"Depletion, activation, and trusted solvers","Q1,Q10,Q4,Q5","Impact of H in H<sub>2</sub>O thermal scattering data on depletion calculation: k<sub>∞</sub>, nuclide inventory and decay heat",D. Rochman; Mathieu Hursin; A. Vasiliev; H. Ferroukhi,2021,article,EPJ Nuclear Sciences & Technologies,10.1051/epjn/2021027,https://doi.org/10.1051/epjn/2021027,title and abstract screened,simulation or solver generated,transport/depletion solver,high,no,no,no,no,no,no,no,no,yes,27.0,Included for structured comparison; use the linked paper for claim-level details.,"The impact of the H in H 2 O thermal scattering data are calculated for burnup quantities, considering models of a UO 2 pincell with DRAGON and SERPENT. The Total Monte Carlo method is applied, where the CAB model parameters are randomly varied to produce sampled (random) LEAPR input files for NJOY. A large number of burnup calculations is then performed, based on the random thermal scattering data. It is found that the impact on k ∞ is relatively small (less than 35 pcm), as for nuclide inventory (less than 1% at 50 MWd/kgU) and for decay heat (less than 0.4%). It is also observed that the calculated probability density functions indicate strong non-linear effects."
S052,C,"Depletion, activation, and trusted solvers","Q1,Q10,Q4,Q5",SCALE depletion capabilities for molten salt reactors and other liquid-fueled systems,Donny Hartanto; Friederike Bostelmann; Benjamin R. Betzler; Kürşat B. Bekar; Shane Hart; William Wieselquist,2023,article,Annals of Nuclear Energy,10.1016/j.anucene.2023.110236,https://doi.org/10.1016/j.anucene.2023.110236,title and abstract screened,simulation or solver generated,transport/depletion solver,high,no,no,no,no,no,no,no,no,yes,27.0,Included for structured comparison; use the linked paper for claim-level details.,"Nuclear reactor systems that use fuel dissolved in a liquid have the potential for enhanced safety characteristics, improved fuel-cycle outcomes, and more efficient isotope-production configurations. In these reactor systems, the fueled liquid may simultaneously undergo irradiation, physical and chemical removal processes, and fueling. The modeling and simulation of this transmutation and decay with material additions and removals is an ongoing research area. An accurate simulation tool is critical to the reactor and fuel-cycle design, reactor deployment, and source-term characterization for these advanced reactor systems. The work described herein involved implementing, testing, and applying the capability to perform reactor physics simulations within the Oak Ridge National Laboratory-developed SCALE suite for nuclear systems analyses and design, leveraging much of its pedigree in quality-assurance and reactor-analysis capabilities. The functionalities to simulate irradiation with material feeds and removals had been added in ORIGEN, and the TRITON reactor physics sequence was extended to calculate the total removed material and track external nonirradiated mixtures to estimate separate processing or waste streams. Results from these capabilities align with analytical expectations obtained from ORIGEN for simplified test cases and with expectations for a molten salt reactor application. This implementation, available with the SCALE 6.3 release, provides for a more efficient and accurate material accountability methodology, allowing for the characterization, design, and analysis of the complete isotopic material inventory of advanced liquid-fueled systems for a variety of applications."
S053,C,"Depletion, activation, and trusted solvers","Q1,Q4,Q5",THE INVESTIGATION OF BURNUP CHARACTERISTICS USING THE SERPENT MONTE CARLO CODE FOR A SODIUM COOLED FAST REACTOR,Mehmet Emin KORKMAZ; O. Ağar,2014,article,Nuclear Engineering and Technology,10.5516/net.07.2013.050,https://doi.org/10.5516/net.07.2013.050,title and abstract screened,simulation or solver generated,transport/depletion solver,high,no,no,no,no,no,no,no,no,yes,27.0,Included for structured comparison; use the linked paper for claim-level details.,"In this research, we investigated the burnup characteristics and the conversion of fertile 232Th into fissile 233U in the core of a Sodium-Cooled Fast Reactor (SFR). The SFR fuel assemblies were designed for burning 232Th fuel (fuel pin 1) and 233U fuel (fuel pin 2) and include mixed minor actinide compositions. Monte Carlo simulations were performed using Serpent Code1.1.19 to compare with CRAM (Chebyshev Rational Approximation Method) and TTA (Transmutation Trajectory Analysis) method in the burnup calculation mode. The total heating power generated in the system was assumed to be 2000 MWth. During the reactor operation period of 600 days, the effective multiplication factor (keff) was between 0.964 and 0.954 and peaking factor is 1.88867."
S054,C,"Depletion, activation, and trusted solvers","Q1,Q10,Q4,Q5",Inventories of Short-Lived Fission Gas Nuclides in Nuclear Reactors,Yu Wang; Jianzhu Cao; Feng Xie; Fu Li,2023,article,Energies,10.3390/en16062530,https://doi.org/10.3390/en16062530,title and abstract screened,mixed simulation and measurement,transport/depletion solver,high,no,no,no,no,no,no,yes,no,yes,26.0,Included for structured comparison; use the linked paper for claim-level details.,"Taking inventories in reactor cores is critical for understanding their radioactive source terms and establishing the relationship between the activity concentration in the primary loop and the status of the reactor core’s fuel. However, there is a niche in which a simple but accurate relationship between reactor conditions and nuclide inventories can reliably predict the fission gas nuclide activities of the reactor core in the primary loop. In this study, a simple and efficient model called “Inventories of a Point Reactor for Fission Gas Nuclides” (IPRFGN) was proposed to calculate and interpret such inventories, in which a 10 MW high-temperature gas-cooled experimental reactor (HTR-10) was used as the test case. The present study findings were consistent with those of a general point–depletion burnup code such as the KORIGEN code. Here, the relative error was &lt;1%. Based on the application of the IPRFGN model in HTR-10, the results indicate that the proposed IPRFGN model has provided the relationship between the inventories of fission gas nuclides in the core and the reactor conditions in all types of nuclear fission reactors. In the future, the IPRFGN model will be used for calculating fission gas nuclide inventories in various reactors."
S055,C,"Depletion, activation, and trusted solvers","Q1,Q10,Q4,Q5",Investigation of Burnup Credit Modeling Issues Associated with BWR Fuel,"USDOE National Nuclear Security Administration (NNSA), Nuclear Criticality Safety Program (NCSP); J Wagner",2000,report,"Oak Ridge National Laboratory (ORNL), Oak Ridge, TN (United States)",10.2172/814444,https://doi.org/10.2172/814444,title and abstract screened,mixed simulation and measurement,transport/depletion solver,high,no,no,yes,no,no,no,yes,no,yes,26.0,Included for structured comparison; use the linked paper for claim-level details.,"Although significant effort has been dedicated to the study of burnup-credit issues over the past decade, U.S. studies to-date have primarily focused on spent pressurized-water-reactor (PWR) fuel. The current licensing approach taken by the U.S. Department of Energy for burnup credit in transportation seeks approval for PWR fuel only. Burnup credit for boiling-water-reactor (BWR) fuel has not yet been formally sought. Burnup credit for PWR fuel was pursued first because: (1) nearly two-thirds (by mass) of the total discharged commercial spent fuel in the United States is PWR fuel, (2) it can substantially increase the fuel assembly capacity with respect to current designs for PWR storage and transportation casks, and (3) fuel depletion in PWRs is generally less complicated than fuel depletion in BWRs. However, due to international needs, the increased enrichment of modern BWR fuels, and criticality safety issues related to permanent disposal within the United States, more attention has recently focused on spent BWR fuel. Specifically, credit for fuel burnup in the criticality safety analysis for long-term disposal of spent nuclear fuel enables improved design efficiency, which, due to the large mass of fissile material that will be stored in the repository, can have substantial financial benefits. For criticality safety purposes, current PWR storage and transportation canister designs employ flux traps between assemblies. Credit for fuel burnup will eliminate the need for these flux traps, and thus, significantly increase the PWR assembly capacity (for a fixed canister volume). Increases in assembly capacity of approximately one-third are expected. In contrast, current BWR canister designs do not require flux traps for criticality safety, and thus, are already at their maximum capacity in terms of physical storage. Therefore, benefits associated with burnup credit for BWR storage and transportation casks may be limited to increasing the enrichment capacity and/or decreasing the neutron absorber concentration. However, regulations associated with permanent disposal require consideration of scenarios and/or package conditions that are not relevant or credible for storage or transportation, and as a result, necessitate credit for burnup in BWR fuel to maintain capacity objectives. Burnup credit relies on depletion calculations to provide a conservative estimate of spent fuel contents and subsequent criticality calculations to assess the value of k{sub eff} for a spent fuel cask or a fuel configuration under a variety of postulated conditions. Therefore, validation is necessary to quantify biases and uncertainties between analytic predictions and measured isotopics. However, the design and operational aspects of BWRs result in a more heterogeneous and time-varying reactor configuration than those of PWRs. Thus, BWR spent fuel analyses and validation efforts are significantly more complicated than those of their PWR counterparts. BWR spent fuel assemblies are manufactured with variable enrichments, both radially and axially, are exposed to time- and spatially-varying void distributions, contain integral burnable absorber rods, and are subject to partial control-blade insertion during operation. The latter is especially true in older fuel assemblies. Away-from-reactor depletion tools used for characterization of spent fuel have typically been developed and validated for more homogeneous PWR fuel assemblies without integral burnable absorber rods, and thus must be reassessed for BWR configurations to determine a conservative methodology for estimating the isotopic content of spent BWR fuel. This report examines the use of SAS2H8 for calculating spent BWR fuel isotopics for burnup-credit criticality safety analyses and assesses the adequacy of SAS2H for this task. The effects of SAS2H modeling assumptions on calculated spent BWR fuel isotopics and the effects of depletion assumptions on calculated k{sub inf} values are investigated. Detailed two-dimensional (2-D) HELIOS9 assembly calculations are compared to one-dimensional (1-D) cylindrical approximations performed using the SAS2H sequence of SCALE.10 SAS2H uses a 1-D transport solution (XSDRNPM) to generate three-group fuel-averaged fluxes, which are used in the point depletion ORIGEN-S code. Studies focused on the effect of geometric modeling with approximate 1-D models and the effect of variations in relevant depletion parameters are presented."
S056,C,"Depletion, activation, and trusted solvers","Q1,Q4,Q5",Laser Intertial Fusion Energy: Neutronic Design Aspects of a Hybrid Fusion-Fission Nuclear Energy System,Kevin J. Kramer,2010,report,Lawrence Livermore National Laboratory (LLNL),10.2172/1013210,https://doi.org/10.2172/1013210,title and abstract screened,simulation or solver generated,transport/depletion solver,high,no,no,no,no,no,no,no,no,yes,26.0,Included for structured comparison; use the linked paper for claim-level details.,"This study investigates the neutronics design aspects of a hybrid fusion-fission energy system called the Laser Fusion-Fission Hybrid (LFFH). A LFFH combines current Laser Inertial Confinement fusion technology with that of advanced fission reactor technology to produce a system that eliminates many of the negative aspects of pure fusion or pure fission systems. When examining the LFFH energy mission, a significant portion of the United States and world energy production could be supplied by LFFH plants. The LFFH engine described utilizes a central fusion chamber surrounded by multiple layers of multiplying and moderating media. These layers, or blankets, include coolant plenums, a beryllium (Be) multiplier layer, a fertile fission blanket and a graphite-pebble reflector. Each layer is separated by perforated oxide dispersion strengthened (ODS) ferritic steel walls. The central fusion chamber is surrounded by an ODS ferritic steel first wall. The first wall is coated with 250-500 μm of tungsten to mitigate x-ray damage. The first wall is cooled by Li17Pb83 eutectic, chosen for its neutron multiplication and good heat transfer properties. The Li17Pb83 flows in a jacket around the first wall to an extraction plenum. The main coolant injection plenum is immediately behind the Li17Pb83, separated from the Li17Pb83 by a solid ODS wall. This main system coolant is the molten salt flibe (2LiF-BeF2), chosen for beneficial neutronics and heat transfer properties. The use of flibe enables both fusion fuel production (tritium) and neutron moderation and multiplication for the fission blanket. A Be pebble (1 cm diameter) multiplier layer surrounds the coolant injection plenum and the coolant flows radially through perforated walls across the bed. Outside the Be layer, a fission fuel layer comprised of depleted uranium contained in Tristructural-isotropic (TRISO) fuel particles having a packing fraction of 20% in 2 cm diameter fuel pebbles. The fission blanket is cooled by the same radial flibe flow that travels through perforated ODS walls to the reflector blanket. This reflector blanket is 75 cm thick comprised of 2 cm diameter graphite pebbles cooled by flibe. The flibe extraction plenum surrounds the reflector bed. Detailed neutronics designs studies are performed to arrive at the described design. The LFFH engine thermal power is controlled using a technique of adjusting the 6Li/7Li enrichment in the primary and secondary coolants. The enrichment adjusts system thermal power in the design by increasing tritium production while reducing fission. To perform the simulations and design of the LFFH engine, a new software program named LFFH Nuclear Control (LNC) was developed in C++ to extend the functionality of existing neutron transport and depletion software programs. Neutron transport calculations are performed with MCNP5. Depletion calculations are performed using Monteburns 2.0, which utilizes ORIGEN 2.0 and MCNP5 to perform a burnup calculation. LNC supports many design parameters and is capable of performing a full 3D system simulation from initial startup to full burnup. It is able to iteratively search for coolant 6Li enrichments and resulting material compositions that meet user defined performance criteria. LNC is utilized throughout this study for time dependent simulation of the LFFH engine. Two additional methods were developed to improve the computation efficiency of LNC calculations. These methods, termed adaptive time stepping and adaptive mesh refinement were incorporated into a separate stand alone C++ library name the Adaptive Burnup Library (ABL). The ABL allows for other client codes to call and utilize its functionality. Adaptive time stepping is useful for automatically maximizing the size of the depletion time step while maintaining a desired level of accuracy. Adaptive meshing allows for analysis of fixed fuel configurations that would normally require a computationally burdensome number of depletion zones. Alternatively, Adaptive Mesh Refinement (AMR) adjusts the depletion zone size according to the variation in flux across the zone or fractional contribution to total absorption or fission. A parametric analysis on a fully mixed fuel core was performed using the LNC and ABL code suites. The resulting system parameters are found to optimize performance metrics using a 20 MT DU fuel load with a 20% TRISO packing and a 300 μm kernel radius operated with a fusion input power of 500 MW and a fission blanket gain of 4.0. LFFH potentially offers a proliferation resistant technology relative to other nuclear energy systems primarily because of no need for fuel enrichment or reprocessing. A figure of merit of the material attractiveness is examined and it is found that the fuel is effectively contaminated to an unattractive level shortly after the system is started due to fission product and minor actinide build up."
S057,C,"Depletion, activation, and trusted solvers","Q1,Q10,Q4,Q5",MOX Cross-Section Libraries for ORIGEN-ARP,Ian C Gauld,2003,report,Oak Ridge National Laboratory (ORNL),10.2172/885544,https://doi.org/10.2172/885544,title and abstract screened,mixed simulation and measurement,transport/depletion solver,high,no,no,no,no,no,no,yes,no,yes,26.0,Included for structured comparison; use the linked paper for claim-level details.,"The use of mixed-oxide (MOX) fuel in commercial nuclear power reactors operated in Europe has expanded rapidly over the past decade. The predicted characteristics of MOX fuel such as the nuclide inventories, thermal power from decay heat, and radiation sources are required for design and safety evaluations, and can provide valuable information for non-destructive safeguards verification activities. This report describes the development of computational methods and cross-section libraries suitable for the analysis of irradiated MOX fuel with the widely-used and recognized ORIGEN-ARP isotope generation and depletion code of the SCALE (Standardized Computer Analyses for Licensing Evaluation) code system. The MOX libraries are designed to be used with the Automatic Rapid Processing (ARP) module of SCALE that interpolates appropriate values of the cross sections from a database of parameterized cross-section libraries to create a problem-dependent library for the burnup analysis. The methods in ORIGEN-ARP, originally designed for uranium-based fuels only, have been significantly upgraded to handle the larger number of interpolation parameters associated with MOX fuels. The new methods have been incorporated in a new version of the ARP code that can generate libraries for low-enriched uranium (LEU) and MOX fuel types. The MOX data libraries and interpolation algorithms in ORIGEN-ARP have been verified using a database of declared isotopic concentrations for 1042 European MOX fuel assemblies. The methods and data are validated using a numerical MOX fuel benchmark established by the Organization for Economic Cooperation and Development (OECD) Working Group on burnup credit and nuclide assay measurements for irradiated MOX fuel performed as part of the Belgonucleaire ARIANE International Program."
S058,C,"Depletion, activation, and trusted solvers","Q1,Q10,Q3,Q4,Q5,Q8",Reactor Fuel Isotopics and Code Validation for Nuclear Applications,Matthew W. Francis; C.F. Weber; Marco Pigni; Ian C Gauld,2015,report,Oak Ridge National Laboratory (ORNL),10.2172/1185693,https://doi.org/10.2172/1185693,title and abstract screened,mixed simulation and measurement,transport/depletion solver,high,no,no,no,no,no,no,yes,yes,yes,26.0,Included for structured comparison; use the linked paper for claim-level details.,"Experimentally measured isotopic concentrations of well characterized spent nuclear fuel (SNF) samples have been collected and analyzed by previous researchers. These sets of experimental data have been used extensively to validate the accuracy of depletion code predictions for given sets of burnups, initial enrichments, and varying power histories for different reactor types. The purpose of this report is to present the diversity of data in a concise manner and summarize the current accuracy of depletion modeling. All calculations performed for this report were done using the Oak Ridge Isotope GENeration (ORIGEN) code, an internationally used irradiation and decay code solver within the SCALE comprehensive modeling and simulation code. The diversity of data given in this report includes key actinides, stable fission products, and radioactive fission products. In general, when using the current ENDF/B-VII.0 nuclear data libraries in SCALE, the major actinides are predicted to within 5% of the measured values. Large improvements were seen for several of the curium isotopes when using improved cross section data found in evaluated nuclear data file ENDF/B-VII.0 as compared to ENDF/B-V-based results. The impact of the flux spectrum on the plutonium isotope concentrations as a function of burnup was also shown. The general accuracy noted for the actinide samples for reactor types with burnups greater than 5,000 MWd/MTU was not observed for the low-burnup Hanford B samples. More work is needed in understanding these large discrepancies. The stable neodymium and samarium isotopes were predicted to within a few percent of the measured values. Large improvements were seen in prediction for a few of the samarium isotopes when using the ENDF/B-VII.0 libraries compared to results obtained with ENDF/B-V libraries. Very accurate predictions were obtained for 133Cs and 153Eu. However, the predicted values for the stable ruthenium and rhodium isotopes varied as much as 10% of the measured values, and 109Ag was consistently over-predicted by as much as 170%. In general, there is a larger uncertainty for modeling radioactive fission products when compared to either the actinides or the stable fission products in SNF. The relative C/E ratios ranged from a few percent for 137Cs up to 60% and 100% for 106Ru and 125Sb, respectively. Limited or no radioactive fission products data exist in the current data sets for reactor types other than PWRs and BWRs. More work is needed in obtaining a greater diversity of radioactive fission product data. While performing this survey, issues leading to inconsistencies in nuclear fission yield data were discovered that specifically impacted the fission product noble gases. Emphasis was given to this legacy data, and corrective actions were taken as described in this report. After the fission yield data were corrected, the stable xenon and krypton fission products were predicted to within 5% of their measurements. However, preliminary results not explicitly given in this report indicate that the relative C/E ratio for the radioactive isotope 85Kr varied as much as 10%. Due to the complex migration and the difficulty in measuring noble gases in the fuel, a more thorough investigation is needed to understand how accurately depletion codes can calculate these gas concentrations."
S059,C,"Depletion, activation, and trusted solvers","Q1,Q4,Q5",Solving point burnup equations by Magnus method,Yun Cai; Xingjie Peng; Qing Li; Lin Du; Lingfang Yang,2019,article,Nuclear Engineering and Technology,10.1016/j.net.2019.01.006,https://doi.org/10.1016/j.net.2019.01.006,title and abstract screened,method or metadata,transport/depletion solver,high,no,no,no,no,no,no,no,no,no,26.0,Included for structured comparison; use the linked paper for claim-level details.,"The burnup equation of nuclides is one of the most equations in nuclear reactor physics, which is generally coupled with transport calculations. The burnup equation describes the variation of the nuclides with time. Because of its very stiffness and the need for large time step, this equation is solved by special methods, for example transmutation trajectory analysis (TTA) or the matrix exponential methods where the matrix exponential is approximated by CRAM. However, TTA or CRAM functions well when the flux is constant. In this work, a new method is proposed when the flux changes. It's an improved method compared to TTA or CRAM. Furtherly, this new method is based on TTA or CRAM, and it is more accurate than them. The accuracy and efficiency of this method are investigated. Several cases are used and the results show the accuracy and efficiency of this method are great."
S060,C,"Depletion, activation, and trusted solvers","Q1,Q10,Q4,Q5",Validation of SCALE (SAS2H) isotopic predictions for BWR spent fuel,O.W. Hermann; Mark DeHart,1998,report,Oak Ridge National Laboratory (ORNL),10.2172/304103,https://doi.org/10.2172/304103,title and abstract screened,mixed simulation and measurement,transport/depletion solver,high,no,no,no,no,no,no,yes,no,yes,26.0,Included for structured comparison; use the linked paper for claim-level details.,"Thirty spent fuel samples obtained from boiling-water-reactor (BWR) fuel pins have been modeled at Oak Ridge National Laboratory using the SAS2H sequence of the SCALE code system. The SAS2H sequence uses transport methods combined with the depletion and decay capabilities of the ORIGEN-S code to estimate the isotopic composition of fuel as a function of its burnup history. Results of these calculations are compared with chemical assay measurements of spent fuel inventories for each sample. Results show reasonable agreement between measured and predicted isotopic concentrations for important actinides; however, little data are available for most fission products considered to be important for spent fuel concerns (e.g., burnup credit, shielding, source-term calculations, etc.). This work is a follow-up to earlier works that studied the ability to predict spent fuel compositions in pressurized-water-reactor (PWR) fuel pins. Biases and uncertainties associated with BWR isotopic predictions are found to be larger than those of PWR calculations. Such behavior is expected, as the operation of a BWR is significantly more complex than that of a PWR plant, and in general the design of a BWR has a more heterogeneous configuration than that of a PWR. Nevertheless, this work shows that the simple models employed using SAS2H to represent such complexities result in agreement to within 5% (and often less than 1%) or less for most nuclides important for spent fuel applications. On the other hand, however, the set of fuel samples analyzed represent a small subset of the BWR fuel population, and results reported herein may not be representative of the full population of BWR spent fuel."
S061,D,Nuclear machine-learning and temporal surrogates,"Q5,Q6,Q7,Q8,Q9","A novel framework for data-driven modeling, uncertainty quantification, and deep learning of nuclear reactor simulations",Majdi I. Radaideh,2019,dissertation,Illinois Digital Environment for Access to Learning and Scholarship (University of Illinois at Urbana-Champaign),,http://hdl.handle.net/2142/106162,title and abstract screened,mixed simulation and measurement,neural-network surrogate; transport/depletion solver; uncertainty/reliability method,high,no,no,no,no,no,no,yes,yes,yes,39.0,Included for structured comparison; use the linked paper for claim-level details.,"This work presents a novel and modern method for reactor modeling, simulation, and uncertainty characterization through an integrated framework developed under the terminology of combining four fundamental principles in scientific modeling and computing: Physics, Models, Data, and UQ (Uncertainty Quantification). The framework houses various physical phenomena that occur inside nuclear reactors, such as neutronics, reactor kinetics, fuel depletion, thermal-hydraulics, and fuel performance as well as outside the reactor such as spent fuel and criticality safety. \n\nThe framework utilizes various computer models in the nuclear area, which are already validated and known to provide accurate results. The framework is supported and validated by a wide range of experimental data from different single and multiphysics experiments, such as delayed neutron data, void fraction measurements, isotopic composition, nuclear data, and others. Many computational models to simulate the actual physical phenomena are developed under this framework, which vary in their complexity from a simple 2D pin-cell to a complex 3D lattice model with multiphysics coupling. Additionally, the framework is built based upon a wide range of mathematical and statistical methods featuring different areas such as sensitivity analysis, variance decomposition, dimensionality analysis and reduction, reduced order modeling, machine learning, data science, deep learning, Monte Carlo and deterministic uncertainty propagation, Bayesian statistics, correlation analysis, and data assimilation. All efforts in this thesis are expected to yield a better understanding of nuclear reactor simulations, which in turn can lead to improved performance, safety, and reduced costs for nuclear industry. \n\nWithin this thesis, many frameworks, platforms, and models are developed to support the master framework. An integrated UQ approach is developed through the Bayesian framework, which handles various forms of uncertainty in scientific modeling such as parametric, experimental, predictive, interpolation, and model-form uncertainty. The methodology is useful to account for various uncertainty sources in nuclear computer models. This integrated UQ methodology can also be used for model selection of different physical models, through evaluating them against real data. The methodology is applied in this thesis to nuclear thermal-hydraulics and two-phase flow codes to quantify their predictive and model-form uncertainties. \n\nData science methods are a core part of the framework. Machine learning methods are integrated to alleviate the computational burden of the complex simulations to construct cheap-to-evaluate reduced order or surrogate models. Modern deep learning methods form a major part of this thesis to analyze complex datasets resulting from the advanced simulations generated using the master framework. These machine and deep learning models are tested using real-world and benchmarked nuclear simulations with different underlying physics, from fundamental nuclear data to nuclear fuel performance. Data-driven models are constructed using simulation and experimental data to perform uncertainty propagation, surrogate modeling, model validation, and variance decomposition. \n\nDevelopment of a new precursor-group kinetics framework is done to propagate the uncertainty into reactor kinetic parameters due to the fundamental nuclear and delayed neutron data. Coupling of single physics processes (e.g. neutronics, thermal-hydraulics, fuel performance) to form more realistic multiphysics simulations is also accomplished through FUSE platform. FUSE is verified through two test cases of two-way coupled neutronics-thermal-hydraulics and neutronics-fuel performance simulations. Spent fuel analysis and criticality safety frameworks are built as a validation object to assess the accuracy of the framework modeling approaches. The spent fuel composition discharged from the reactor core is assessed in the spent fuel cask to determine the overall system safety. A comprehensive application of the spent fuel framework on BWR spent fuel is carried out in this thesis. All the physics, data, methods, and frameworks are integrated into the master framework developed in this thesis. \n\nThe major achievements of the framework developed to the nuclear area include: a set of kinetic parameters' values and uncertainties for light water reactor systems, advanced depletion models for accurate burnup credit of BWR, integrated assessment and advanced UQ of nuclear computer models, a platform for nuclear multiphysics simulations, and building deep learning models for high dimensional UQ purposes.\n\nMost of the methods and the frameworks developed here are extendable to other problems outside the nuclear area. The reader is strongly recommended to read the first chapter of this thesis as it will provide directions to efficiently access the whole document. The first chapter presents an executive summary of the work done over the whole thesis. This thesis is published in several peer-reviewed articles in premier conferences and journals specialized in nuclear engineering, system safety, uncertainty quantification, and energy resources. A summary of the framework developed in this thesis is published in Radaideh and Kozlowski (2019b)."
S062,D,Nuclear machine-learning and temporal surrogates,"Q5,Q6,Q8",Monitoring of Temperature Measurements for Different Flow Regimes in Water and Galinstan with Long Short-Term Memory Networks and Transfer Learning of Sensors,Stella Pantopoulou; Victoria Ankel; Matthew Weathered; Darius Lisowski; A.C. Cilliers; Lefteri H. Tsoukalas; et al.,2022,article,Computation,10.3390/computation10070108,https://doi.org/10.3390/computation10070108,title and abstract screened,experimental or measured,LSTM/recurrent network; neural-network surrogate,high,no,no,no,yes,no,no,yes,yes,no,36.0,Included for structured comparison; use the linked paper for claim-level details.,"Temperature sensing is one of the most common measurements of a nuclear reactor monitoring system. The coolant fluid flow in a reactor core depends on the reactor power state. We investigated the monitoring and estimation of the thermocouple time series using machine learning for a range of flow regimes. Measurement data were obtained, in two separate experiments, in a flow loop filled with water and with liquid metal Galinstan. We developed long short-term memory (LSTM) recurrent neural networks (RNNs) for sensor predictions by training on the sensor’s own prior history, and transfer learning LSTM (TL-LSTM) by training on a correlated sensor’s prior history. Sensor cross-correlations were identified by calculating the Pearson correlation coefficient of the time series. The accuracy of LSTM and TL-LSTM predictions of temperature was studied as a function of Reynolds number (Re). The root-mean-square error (RMSE) for the test segment of time series of each sensor was shown to linearly increase with Re for both water and Galinstan fluids. Using linear correlations, we estimated the range of values of Re for which RMSE is smaller than the thermocouple measurement uncertainty. For both water and Galinstan fluids, we showed that both LSTM and TL-LSTM provide reliable estimations of temperature for typical flow regimes in a nuclear reactor. The LSTM runtime was shown to be substantially smaller than the data acquisition rate, which allows for performing estimation and validation of sensor measurements in real time."
S063,D,Nuclear machine-learning and temporal surrogates,"Q5,Q6",Data-driven surrogate modeling for thermal-hydraulic codes via hybrid deep neural networks and quantile learning,Hyojun Yi; Hyeonmin Kim; Seunghyoung Ryu,2026,article,Machine Learning Science and Technology,10.1088/2632-2153/ae7eef,https://doi.org/10.1088/2632-2153/ae7eef,title and abstract screened,simulation or solver generated,LSTM/recurrent network; neural-network surrogate,high,no,no,yes,yes,no,no,no,no,no,34.0,Included for structured comparison; use the linked paper for claim-level details.,"Abstract Nuclear energy is a clean, reliable power source, but realizing its potential requires strict safety measures in nuclear power plants. Thermal-hydraulic (TH) codes are used to simulate potential accident scenarios in probabilistic safety assessment (PSA). Their high computational cost becomes particularly problematic in dynamic PSA, which requires repeated simulations across large numbers of accident scenarios. Consequently, deep learning-based surrogate models (e.g. conditional autoencoders and recurrent neural networks) have been proposed to accelerate TH simulations. However, there remains substantial room for improvement in predictive accuracy, particularly in capturing abrupt fluctuations and complex temporal patterns. To address these limitations, we propose a novel surrogate model named QLCT that combines long short-term memory, one-dimensional convolutional neural networks, and transformer with multiple quantile regression, enhanced by temporal differential supervision. We compared QLCT against various deep learning models, and the results demonstrate that the proposed model achieves substantial improvements: 22.0%–40.0% reduction in mean absolute error, 12.4%–34.9% reduction in root mean squared error, and 27.9%–49.0% reduction in normalized mean absolute error. In addition, QLCT also shows superior performance in probabilistic forecasting compared to the state-of-the-art model, achieving improvements of 25.8%, 21.9%, and 15.2% in the winkler score, pinball loss, and coverage width-based criterion, respectively."
S064,D,Nuclear machine-learning and temporal surrogates,"Q5,Q6,Q8",A new surrogate method for the neutron kinetics calculation of nuclear reactor core transients,Xiaoqi Li; Youqi Zheng; Xianan Du; Bowen Xiao,2024,article,Nuclear Engineering and Technology,10.1016/j.net.2024.04.007,https://doi.org/10.1016/j.net.2024.04.007,title and abstract screened,method or metadata,LSTM/recurrent network; neural-network surrogate,high,no,no,yes,yes,no,no,no,no,no,33.0,Included for structured comparison; use the linked paper for claim-level details.,"Reactor core transient calculation is very important for the reactor safety analysis, in which the kernel is neutron kinetics calculation by simulating the variation of neutron density or thermal power over time. Compared with the point kinetics method, the time-space neutron kinetics calculation can provide accurate variation of neutron density in both space and time domain. But it consumes a lot of resources. It is necessary to develop a surrogate model that can quickly obtain the temporal and spatial variation information of neutron density or power with acceptable calculation accuracy. This paper uses the time-varying characteristics of power to construct a time function, parameterizes the time-varying characteristics which contains the information about the spatial change of power. Thereby, the amount of targets to predict in the space domain is compressed. A surrogate method using the machine learning is proposed in this paper. In the construction of a neural network, the input is processed by a convolutional layer, followed by a fully connected layer or a deconvolution layer. For the problem of time sequence disturbance, a structure combining convolutional neural network and recurrent neural network is used. It is verified in the tests of a series of 1D, 2D and 3D reactor models. The predicted values obtained using the constructed neural network models in these tests are in good agreement with the reference values, showing the powerful potential of the surrogate models."
S065,D,Nuclear machine-learning and temporal surrogates,"Q1,Q10,Q4,Q5,Q6,Q7,Q8,Q9",Machine Learning-Based Inversion of Axial-Segment Characterization for Spent Fuel Materials,Qi Zhang; Zining Ni; Qi Huang; Chao Yang; Zhenping Chen,2026,article,Coatings,10.3390/coatings16030329,https://doi.org/10.3390/coatings16030329,title and abstract screened,simulation or solver generated,transport/depletion solver,high,no,no,yes,no,no,no,no,no,yes,33.0,Included for structured comparison; use the linked paper for claim-level details.,"The burnup, initial enrichment, and cooling time of spent nuclear fuel collectively determine the activities of key gamma-emitting nuclides (e.g., 134Cs, 137Cs, 154Eu). In safeguards verification, a non-destructive assay (NDA) using radiation detectors can directly acquire the gamma-ray emission signatures associated with these characteristic nuclides. Previous studies have reported empirical relationships between the activities of nuclides such as 134Cs, 137Cs, and 154Eu and the assembly burnup. However, the non-uniform axial power distribution in fuel assemblies leads to variations in axial-segment burnup. Accordingly, this study utilizes a nuclide sample database of a typical pressurized water reactor (PWR) assembly generated by OpenMC 0.15.3 depletion calculations. The calculated results are analyzed, and a sensitivity analysis of the hydrogen-to-uranium atomic ratio (H/U) on the characteristic nuclides is presented, confirming the necessity of incorporating the H/U ratio as an input parameter to improve the cross-condition generalization of the surrogate models. Subsequently, MLP and CNN based on PyTorch 2.9.1 (CUDA 13.0 build: 2.9.1+cu130), and XGBoost 3.0.2 models are implemented to invert axial-segment burnup, initial enrichment, and the number densities of selected actinides under various discrete operating conditions based on characteristic nuclide activities. A comparative analysis of the prediction results from different feature inversion methods is provided. The results indicate that the MLP model performs best with Method A, which incorporates absolute 137Cs activity and the 154Eu/137Cs ratio, achieving a relative prediction deviation of only 5.2% for initial enrichment. Under Method C, the XGBoost model attains a relative prediction deviation of only 0.9% for axial-segment burnup (BU_zone)."
S066,D,Nuclear machine-learning and temporal surrogates,"Q5,Q6,Q7,Q8,Q9",Machine learning surrogates for surface complexation model of uranium sorption to oxides,Chunhui Li; Elijah O. Adeniyi; Piotr Zarzycki,2024,article,Scientific Reports,10.1038/s41598-024-57026-w,https://doi.org/10.1038/s41598-024-57026-w,title and abstract screened,method or metadata,neural-network surrogate,high,no,no,no,no,no,no,no,no,yes,32.0,Included for structured comparison; use the linked paper for claim-level details.,"The safety assessments of the geological storage of spent nuclear fuel require understanding the underground radionuclide mobility in case of a leakage from multi-barrier canisters. Uranium, the most common radionuclide in non-reprocessed spent nuclear fuels, is immobile in reduced form (U(IV) and highly mobile in an oxidized state (U(VI)). The latter form is considered one of the most dangerous environmental threats in the safety assessments of spent nuclear fuel repositories. The sorption of uranium to mineral surfaces surrounding the repository limits their mobility. We quantify uranium sorption using surface complexation models (SCMs). Unfortunately, numerical SCM solvers often encounter convergence problems due to the complex nature of convoluted equations and correlations between model parameters. This study explored two machine learning surrogates for the 2-pK Triple Layer Model of uranium retention by oxide surfaces if released as U(IV) in the oxidizing conditions: random forest regressor and deep neural networks. Our surrogate models, particularly DNN, accurately reproduce SCM model predictions at a fraction of the computational cost without any convergence issues. The safety assessment of spent fuel repositories, specifically the migration of leaked radioactive waste, will benefit from having ultrafast AI/ML surrogates for the computationally expensive sorption models that can be easily incorporated into larger-scale contaminant migration models. One such model is presented here."
S067,D,Nuclear machine-learning and temporal surrogates,"Q5,Q6,Q8",Physics-informed neural network with transfer learning (TL-PINN) based on domain similarity measure for prediction of nuclear reactor transients,Konstantinos Prantikos; Stylianos Chatzidakis; Lefteri H. Tsoukalas; Alexander Heifetz,2023,article,Scientific Reports,10.1038/s41598-023-43325-1,https://doi.org/10.1038/s41598-023-43325-1,title and abstract screened,experimental or measured,neural-network surrogate; physics-informed ML,high,no,no,yes,no,yes,no,yes,no,no,31.0,Included for structured comparison; use the linked paper for claim-level details.,"Nuclear reactor safety and efficiency can be enhanced through the development of accurate and fast methods for prediction of reactor transient (RT) states. Physics informed neural networks (PINNs) leverage deep learning methods to provide an alternative approach to RT modeling. Applications of PINNs in monitoring of RTs for operator support requires near real-time model performance. However, as with all machine learning models, development of a PINN involves time-consuming model training. Here, we show that a transfer learning (TL-PINN) approach achieves significant performance gain, as measured by reduction of the number of iterations for model training. Using point kinetic equations (PKEs) model with six neutron precursor groups, constructed with experimental parameters of the Purdue University Reactor One (PUR-1) research reactor, we generated different RTs with experimentally relevant range of variables. The RTs were characterized using Hausdorff and Fréchet distance. We have demonstrated that pre-training TL-PINN on one RT results in up to two orders of magnitude acceleration in prediction of a different RT. The mean error for conventional PINN and TL-PINN models prediction of neutron densities is smaller than 1%. We have developed a correlation between TL-PINN performance acceleration and similarity measure of RTs, which can be used as a guide for application of TL-PINNs."
S068,D,Nuclear machine-learning and temporal surrogates,"Q8,Q9",Quantification of Deep Neural Network Prediction Uncertainties for VVUQ of Machine Learning Models,Mahmoud Yaseen; Xu Wu,2022,article,Nuclear Science and Engineering,10.1080/00295639.2022.2123203,https://doi.org/10.1080/00295639.2022.2123203,title and abstract screened,simulation or solver generated,neural-network surrogate; uncertainty/reliability method,high,no,no,yes,no,no,no,no,yes,yes,31.0,Included for structured comparison; use the linked paper for claim-level details.,"Recent performance breakthroughs in artificial intelligence (AI) and machine learning (ML), especially advances in deep learning, the availability of powerful and easy-to-use ML libraries (e.g., scikit-learn, TensorFlow, PyTorch), and increasing computational power, have led to unprecedented interest in AI/ML among nuclear engineers. For physics-based computational models, verification, validation, and uncertainty quantification (VVUQ) processes have been very widely investigated, and many methodologies have been developed. However, VVUQ of ML models has been relatively less studied, especially in nuclear engineering. This work focuses on uncertainty quantification (UQ) of ML models as a preliminary step of ML VVUQ, more specifically Deep Neural Networks (DNNs) because they are the most widely used supervised ML algorithm for both regression and classification tasks. This work aims at quantifying the prediction or approximation uncertainties of DNNs when they are used as surrogate models for expensive physical models. Three techniques for UQ of DNNs are compared, namely, Monte Carlo Dropout (MCD), Deep Ensembles (DE), and Bayesian Neural Networks (BNNs). Two nuclear engineering examples are used to benchmark these methods: (1) time-dependent fission gas release data using the Bison code and (2) void fraction simulation based on the Boiling Water Reactor Full-size Fine-Mesh Bundle Tests (BFBT) benchmark using the TRACE code. It is found that the three methods typically require different DNN architectures and hyperparameters to optimize their performance. The UQ results also depend on the amount of training data available and the nature of the data. Overall, all three methods can provide reasonable estimations of the approximation uncertainties. The uncertainties are generally smaller when the mean predictions are close to the test data while the BNN methods usually produce larger uncertainties than MCD and DE."
S069,D,Nuclear machine-learning and temporal surrogates,"Q1,Q2,Q5,Q6,Q7,Q8,Q9",Physics informed neural networks for surrogate modeling of accidental scenarios in nuclear power plants,Federico Antonello; Jacopo Buongiorno; Enrico Zio,2023,article,Nuclear Engineering and Technology,10.1016/j.net.2023.06.027,https://doi.org/10.1016/j.net.2023.06.027,title and abstract screened,simulation or solver generated,neural-network surrogate,high,no,no,no,no,no,no,no,no,no,30.0,Included for structured comparison; use the linked paper for claim-level details.,"Licensing the next-generation of nuclear reactor designs requires extensive use of Modeling and Simulation (M&S) to investigate system response to many operational conditions, identify possible accidental scenarios and predict their evolution to undesirable consequences that are to be prevented or mitigated via the deployment of adequate safety barriers. Deep Learning (DL) and Artificial Intelligence (AI) can support M&S computationally by providing surrogates of the complex multi-physics high-fidelity models used for design. However, DL and AI are, generally, low-fidelity ‘black-box’ models that do not assure any structure based on physical laws and constraints, and may, thus, lack interpretability and accuracy of the results. This poses limitations on their credibility and doubts about their adoption for the safety assessment and licensing of novel reactor designs. In this regard, Physics Informed Neural Networks (PINNs) are receiving growing attention for their ability to integrate fundamental physics laws and domain knowledge in the neural networks, thus assuring credible generalization capabilities and credible predictions. This paper presents the use of PINNs as surrogate models for accidental scenarios simulation in Nuclear Power Plants (NPPs). A case study of a Loss of Heat Sink (LOHS) accidental scenario in a Nuclear Battery (NB), a unique class of transportable, plug-and-play microreactors, is considered. A PINN is developed and compared with a Deep Neural Network (DNN). The results show the advantages of PINNs in providing accurate solutions, avoiding overfitting and intrinsically ensuring physics-consistent results."
S070,D,Nuclear machine-learning and temporal surrogates,"Q5,Q6,Q7,Q8,Q9",Fast uncertainty quantification of spent nuclear fuel with neural networks,Arnau Albà; Andreas Adelmann; Lucas Münster; D. Rochman; Romana Boiger,2023,article,Annals of Nuclear Energy,10.1016/j.anucene.2023.110204,https://doi.org/10.1016/j.anucene.2023.110204,title and abstract screened,mixed simulation and measurement,neural-network surrogate; uncertainty/reliability method,high,no,no,yes,no,no,no,yes,yes,yes,29.0,Included for structured comparison; use the linked paper for claim-level details.,"The accurate calculation and uncertainty quantification of the characteristics of spent nuclear fuel (SNF) play a crucial role in ensuring the safety, efficiency, and sustainability of nuclear energy production, waste management, and nuclear safeguards. State of the art physics-based models, while reliable, are computationally intensive and time-consuming. This paper presents a surrogate modeling approach using neural networks (NN) to predict a number of SNF characteristics with reduced computational costs compared to physics-based models. An NN is trained using data generated from CASMO5 lattice calculations. The trained NN accurately predicts decay heat and nuclide concentrations of SNF, as a function of key input parameters, such as enrichment, burnup, cooling time between cycles, mean boron concentration and fuel temperature. The model is validated against physics-based decay heat simulations and measurements of different uranium oxide fuel assemblies from two different pressurized water reactors. In addition, the NN is used to perform sensitivity analysis and uncertainty quantification. The results are in very good alignment to CASMO5, while the computational costs (taking into account the costs of generating training samples) are reduced by a factor of 10 or more. Our findings demonstrate the feasibility of using NNs as surrogate models for fast characterization of SNF, providing a promising avenue for improving computational efficiency in assessing nuclear fuel behavior and associated risks."
S071,D,Nuclear machine-learning and temporal surrogates,"Q5,Q6,Q8",Machine Learning Assisted Safety Modeling and Analysis of Advanced Reactors,Yang Liu; Rui Hu; Dezhi Dai; Prasanna Balaprakash; Aleksandr Obabko,2021,report,Argonne National Laboratory (ANL),10.2172/1838607,https://doi.org/10.2172/1838607,title and abstract screened,simulation or solver generated,LSTM/recurrent network; neural-network surrogate; uncertainty/reliability method,high,no,no,yes,yes,yes,no,no,yes,yes,28.0,Included for structured comparison; use the linked paper for claim-level details.,"With the advances in computational power and numerical methods, analysts can now rely on first-principle simulations to predict ultra-fine details in a variety of applications. Advances in machine learning (ML) have produced algorithms that can now learn high-level abstractions via hierarchical models. This project aims to leverage advances in ML techniques and the available high-resolution simulation data to develop a novel modeling and simulation (M\&S) methodology for reactor safety analysis. While application-agnostic ML techniques are available, complex physics constraints need to be incorporated into ML techniques to build ML-based closures for computationally efficient predictive simulations. This project intends to develop a physics-guided data-driven multi-scale methodology for M\&S of advanced reactors. The project focuses on thermal fluid (T/F) phenomena, which play major roles in advanced reactor safety. Specifically, we propose a data-driven coarse-mesh turbulence model based on local flow features for the transient analysis of thermal mixing and stratification in a sodium-cooled fast reactor (SFR). The model has a coarse-mesh setup to ensure computational efficiency, while it is trained by fine-mesh computational fluid dynamics (CFD) data with Reynolds-averaged Navier-Stokes (RANS) turbulence model to ensure accuracy. Three different neural networks are developed and tested for loss-of-flow transients in the hot pool of SFR, i.e. the densely connected convolutional neural network (DCNN), long-short-term-memory network based on proper orthogonal decomposition (POD-LSTM), and the DCNN informed by LSTM (DCNN-LSTM). The performances of these three neural networks are evaluated based on baseline models. The DCNN-LSTM model has been chosen for further hyperparameter optimization. Furthermore, based on a simplified two-dimensional case, uncertainty quantification (UQ) of the developed ML-based closure are investigated with three methods, i.e. Monte Carlo dropout, deep ensemble, and Bayesian neural network. The developed ML-based turbulent viscosity closure relation based on deep ensemble is then integrated into the system analysis module SAM and serves as a term in the conservation equations. Such a SAM-ML based procedure guarantees that the obtained results are consistent with the physical constraints of the thermal-fluid system. The SAM-ML simulation on the same loss-of-flow transient showed comparable accuracy with the CFD simulation but with a much coarser mesh setup. Last but not least, the ML-based closure improvement with the support of higher-fidelity data from large eddy simulation (LES) is discussed. As a first step towards this direction, a baseline LES simulation is performed to obtain comparable data with RANS results. Based on the early results, future investigation on further improving the ML-based closure is discussed. We believe the developed approach that combines scientific machine learning with nuclear system analysis code can benefit the advanced reactor community as more accurate safety analyses will better characterize reactor safety margins and reduce licensing efforts."
S072,D,Nuclear machine-learning and temporal surrogates,"Q1,Q2,Q5,Q6,Q7,Q8,Q9",Multiobjective optimization for nuclear fleet evolution scenarios using COSI,David Freynet; Christine Coquelet-Pascal; Romain Eschbach; Guillaume Krivtchik; E. Merle,2016,article,EPJ Nuclear Sciences & Technologies,10.1051/epjn/e2015-50066-7,https://doi.org/10.1051/epjn/e2015-50066-7,title and abstract screened,simulation or solver generated,neural-network surrogate; Gaussian-process surrogate; multi-objective optimization,high,no,no,no,no,no,yes,no,no,no,28.0,Included for structured comparison; use the linked paper for claim-level details.,"The consequences of various fleet evolution options on material inventories and flux in fuel cycle and waste can be analysed by means of transition scenario studies. The COSI code is currently simulating chronologically scenarios whose parameters are fully defined by the user and is coupled with the CESAR depletion code. As the interactions among reactors and fuel cycle facilities can be complex, and the ways in which they may be configured are many, the development of optimization methodology could improve scenario studies. The optimization problem definition needs to list: (i) criteria (e.g. saving natural resources and minimizing waste production); (ii) variables (scenario parameters) related to reprocessing, reactor operation, installed power distribution, etc.; (iii) constraints making scenarios industrially feasible. The large number of scenario calculations needed to solve an optimization problem can be time-consuming and hardly achievable; therefore, it requires the shortening of the COSI computation time. Given that CESAR depletion calculations represent about 95% of this computation time, CESAR surrogate models have been developed and coupled with COSI. Different regression models are compared to estimate CESAR outputs: first- and second-order polynomial regressions, Gaussian process and artificial neural network. This paper is about a first optimization study of a transition scenario from the current French nuclear fleet to a Sodium Fast Reactors fleet as defined in the frame of the 2006 French Act for waste management. The present article deals with obtaining the optimal scenarios and validating the methodology implemented, i.e. the coupling between the simulation software COSI, depletion surrogate models and a genetic algorithm optimization method."
S073,D,Nuclear machine-learning and temporal surrogates,"Q1,Q4,Q5,Q6,Q7,Q8,Q9",A novel irradiation module for ANICCA fuel cycle code based on multi-task learning,Victor J. Casas-Molina; Nerea Aguilera-Gómez; Pablo Romojaro; Ivan Merino; Augusto Hernández-Solís,2024,article,Nuclear Engineering and Technology,10.1016/j.net.2024.07.024,http://dx.doi.org/10.1016/j.net.2024.07.024,title and abstract screened,simulation or solver generated,neural-network surrogate; Bayesian/evolutionary optimization; transport/depletion solver,high,no,no,no,no,no,no,no,no,yes,27.0,Included for structured comparison; use the linked paper for claim-level details.,"This paper introduces an alternative approach to irradiation modelling within the context of nuclear fuel cycle codes like ANICCA, the fuel cycle code developed by the Belgian Nuclear Research Centre (SCK CEN). The focus lies on upgrading the irradiation module by substituting the CRAM-based depletion calculations for a more flexible and innovative approach based on Multi-Task Learning (MTL). Utilizing data generated with SERPENT2 Monte Carlo simulations, two MTL neural networks are developed to surrogate irradiation processes of Uranium Oxide (UOX) and Mixed Oxide (MOX) fuels, respectively. MTL enables simultaneous learning of the evolution of the inventories for different observables – i.e., transuranium elements, fission products, minor actinides and fertile materials – offering improved predictive capabilities compared to non-MTL neural networks, as demonstrated in the cross-validation tests. Hyperparameters of the models were found using Bayesian optimization, resulting in superior model performance compared to the old CRAM-based model. Verification against SERPENT2, used as a reference code for comparison, demonstrates the stability and accuracy of the MTL-based models, outperforming the original CRAM method for the majority of predicted isotopes."
S074,D,Nuclear machine-learning and temporal surrogates,"Q1,Q10,Q2,Q3,Q4,Q5,Q6,Q7,Q8,Q9","Deep learning for safety assessment of nuclear power reactors: Reliability, explainability, and research opportunities",Abiodun Ayodeji; Muritala Alade Amidu; Samuel Abiodun Olatubosun; Yacine Addad; Hafiz Ahmed,2022,article,Progress in Nuclear Energy,10.1016/j.pnucene.2022.104339,https://doi.org/10.1016/j.pnucene.2022.104339,title and abstract screened,simulation or solver generated,neural-network surrogate,high,no,no,no,no,no,no,no,yes,no,25.0,Included for structured comparison; use the linked paper for claim-level details.,"Deep learning algorithms provide plausible benefits for efficient prediction and analysis of nuclear reactor safety phenomena. However, research works that discuss the critical challenges with deep learning models from the reactor safety perspective are limited. This article presents the state-of-the-art in deep learning application in nuclear reactor safety analysis, and the inherent limitations in deep learning models. In addition, critical issues such as deep learning model explainability, sensitivity and uncertainty constraints, model reliability, and trustworthiness are discussed from the nuclear safety perspective, and robust solutions to the identified issues are also presented. As a major contribution, a deep feedforward neural network is developed as a surrogate model to predict turbulent eddy viscosity in Reynolds-averaged Navier–Stokes (RANS) simulation. Further, the deep feedforward neural network performance is compared with the conventional Spalart Allmaras closure model in the RANS turbulence closure simulation. In addition, the Shapely Additive Explanation (SHAP) and the local interpretable model-agnostic explanations (LIME) APIs are introduced to explain the deep feedforward neural network predictions. Finally, exciting research opportunities to optimize deep learning-based reactor safety analysis are presented."
S075,D,Nuclear machine-learning and temporal surrogates,"Q5,Q6,Q7,Q8,Q9",Machine Learning-Based Methodology for Assessment of Doppler Reactivity of Sodium-Cooled Fast Reactor,Đorđe Petrović; Konstantin Mikityuk,2021,article,Journal of Nuclear Engineering and Radiation Science,10.1115/1.4050216,https://doi.org/10.1115/1.4050216,title and abstract screened,simulation or solver generated,neural-network surrogate,high,no,no,no,no,no,no,no,no,yes,25.0,Included for structured comparison; use the linked paper for claim-level details.,"Abstract In order to close nuclear fuel cycle and address the problem of sustainability, advanced nuclear reactor systems of the fourth generation are in the focus of the research for many years. With a simple goal of supporting this research, machine learning-based methodology for the assessment of the Doppler reactivity has been developed and applied to the European Sodium Fast Reactor (ESFR) in the frame of the ESFR-Safety Measures Assessment and Research Tools (SMART) Horizon-2020 project. In the scope of this study, a database of the precise Monte Carlo (MC) calculations was prepared and used to train artificial neural network (ANN) as a surrogate model to assess the Doppler reactivity across the range of reactor conditions that could occur throughout the life of the reactor core, in fast, yet accurate manner. The database was generated for all the combinations of several core parameters carefully predefined in order to account for both operational and accidental states of the core. Subsequently, Doppler reactivity change as a function of the above-mentioned parameters was assessed by herein developed methodology, as well as by widely used logarithmic dependence of the Doppler reactivity on the fuel temperature and compared to the results of the precise MC simulations. This study proves that, if certain computational resources are allocated to the database generation and ANN training, newly developed methodology yields similar or even more accurate results compared to the classical methodology and at the same time provides a tool for parameterization and interpolation of Doppler reactivity not only on the fuel temperature but also on the other parameters characterizing core of the sodium-cooled fast reactor (SFR)."
S076,D,Nuclear machine-learning and temporal surrogates,"Q1,Q2,Q5,Q6,Q7,Q8,Q9",Multistep Criticality Search and Power Shaping in Nuclear Microreactors with Deep Reinforcement Learning,Majdi I. Radaideh; Leo Tunkle; Dean Price; Kamal Abdulraheem; Linyu Lin; Moutaz Elias,2025,article,Nuclear Science and Engineering,10.1080/00295639.2024.2447012,https://doi.org/10.1080/00295639.2024.2447012,title and abstract screened,simulation or solver generated,neural-network surrogate; transport/depletion solver,high,no,no,no,no,no,no,no,no,yes,25.0,Included for structured comparison; use the linked paper for claim-level details.,"Reducing operation and maintenance costs is a key objective for advanced reactors in general and microreactors in particular. To achieve this reduction, developing robust autonomous control algorithms is essential to ensure safe and autonomous reactor operation. Recently, artificial intelligence and machine learning algorithms, specifically reinforcement learning (RL) algorithms, have seen rapid increased application to control problems, such as plasma control in fusion tokamaks and building energy management. In this work, we introduce the use of RL for intelligent control in nuclear microreactors. The RL agent is trained using Proximal Policy Optimization (PPO) and Advantage Actor-Critic (A2C), cutting-edge deep RL techniques, based on a high-fidelity simulation of a microreactor design inspired by the Westinghouse eVinciTM design. We utilized a Serpent model to generate data on drum positions, core criticality, and core power distribution for training a feedforward neural network surrogate model. This surrogate model was then used to guide a PPO and A2C control policies in determining the optimal drum position across various reactor burnup states, ensuring critical core conditions and symmetrical power distribution across all six core portions. The results demonstrate the excellent performance of PPO in identifying optimal drum positions, achieving a hexant power tilt ratio of approximately 1.002 (within the limit of <1.02), and maintaining criticality within a 10 pcm range. A2C did not provide as competitive of a performance as PPO in terms of performance metrics for all burnup steps considered in the cycle. Additionally, the results highlight the capability of well-trained RL control policies to quickly identify control actions, suggesting a promising approach for enabling real-time autonomous control through digital twins."
S077,D,Nuclear machine-learning and temporal surrogates,"Q1,Q2,Q4,Q5,Q6,Q7,Q8,Q9",Physics-Informed Neural Network Solution of Point Kinetics Equations for a Nuclear Reactor Digital Twin,Konstantinos Prantikos; Lefteri H. Tsoukalas; Alexander Heifetz,2022,article,Energies,10.3390/en15207697,https://doi.org/10.3390/en15207697,title and abstract screened,experimental or measured,neural-network surrogate; physics-informed ML,high,no,no,yes,no,yes,no,yes,no,no,25.0,Included for structured comparison; use the linked paper for claim-level details.,"A digital twin (DT) for nuclear reactor monitoring can be implemented using either a differential equations-based physics model or a data-driven machine learning model. The challenge of a physics-model-based DT consists of achieving sufficient model fidelity to represent a complex experimental system, whereas the challenge of a data-driven DT consists of extensive training requirements and a potential lack of predictive ability. We investigate the performance of a hybrid approach, which is based on physics-informed neural networks (PINNs) that encode fundamental physical laws into the loss function of the neural network. We develop a PINN model to solve the point kinetic equations (PKEs), which are time-dependent, stiff, nonlinear, ordinary differential equations that constitute a nuclear reactor reduced-order model under the approximation of ignoring spatial dependence of the neutron flux. The PINN model solution of PKEs is developed to monitor the start-up transient of Purdue University Reactor Number One (PUR-1) using experimental parameters for the reactivity feedback schedule and the neutron source. The results demonstrate strong agreement between the PINN solution and finite difference numerical solution of PKEs. We investigate PINNs performance in both data interpolation and extrapolation. For the test cases considered, the extrapolation errors are comparable to those of interpolation predictions. Extrapolation accuracy decreases with increasing time interval."
S078,D,Nuclear machine-learning and temporal surrogates,"Q5,Q6,Q7,Q9",A once-through artificial neural network approach for used nuclear fuel inverse depletion analysis: A comparative study,Bassam Khuwaileh; Belal Almomani,2024,article,Annals of Nuclear Energy,10.1016/j.anucene.2024.110598,https://doi.org/10.1016/j.anucene.2024.110598,title and abstract screened,method or metadata,neural-network surrogate; Bayesian/evolutionary optimization; transport/depletion solver,medium,no,no,no,no,no,no,no,no,no,20.0,Included for structured comparison; use the linked paper for claim-level details.,"This work addresses the challenge of identifying the origins and burnup history of used nuclear fuel, which is crucial for safeguarding and non-proliferation analysis. It presents a comparative evaluation of two distinct computational approaches to bundles at the same in-core position: the first entails building a forward Artificial Neural Networks (ANN) surrogate model for fuel inventory prediction followed by solving the inverse depletion problem using an optimization solver. The second approach is to build an inverse ANN model that relates the used nuclear fuel inventory to its initial and burnup conditions (a once-through approach), eliminating the need for the inverse optimization solver step which results in better accuracy, less computational costs, and renders the application of such approach practical. KENO VI depletion model is utilized to deplete a VVER assembly model generating the necessary datasets for the ANN inverse model training and validation. The inverse model is then employed to estimate the initial composition and the burnup for several test cases. The results are then compared to the known initial and burnup conditions as well as to the estimations made by benchmark results from an existing ANN forward surrogate model combined with the Particle Swarm Optimization (PSO) solver. Comparative analyses across eight scenarios consistently reveal that the once-through ANN inverse model has superior accuracy and consistency in terms of estimating the actual burnup and initial fuel enrichment with a relative root mean squared error (RMSE) of 1.20 × 10 - 2 compared to the benchmark approach (ANN-PSO) which yielded a relative RMSE of 2.18 × 10 - 2 . Moreover, the once-through inverse approach has a significantly lower computational cost as it requires 1 inverse model run compared to the 9,450,000 model runs required by the benchmark approach (ANN-PSO). Overall, the results demonstrate that the proposed once-through approach simplifies and enhances the efficiency of solving the inverse fuel depletion problem while outperforming the benchmark approach in terms of predictive accuracy computational cost."
S079,D,Nuclear machine-learning and temporal surrogates,"Q5,Q6,Q7,Q9",Gaussian processes for surrogate modeling of discharged fuel nuclide compositions,Antonio Figueroa; Malte Göttsche,2021,article,Annals of Nuclear Energy,10.1016/j.anucene.2020.108085,https://doi.org/10.1016/j.anucene.2020.108085,title and abstract screened,method or metadata,Gaussian-process surrogate,medium,no,no,no,no,no,no,no,no,no,19.0,Included for structured comparison; use the linked paper for claim-level details.,
S080,D,Nuclear machine-learning and temporal surrogates,"Q5,Q6,Q7,Q9",Artificial Neural Network based Particle Swarm Optimization solution approach for the inverse depletion of used nuclear fuel,Bassam Khuwaileh; Mohammad Al‐Shabi; Mamdouh El Haj Assad,2021,article,Annals of Nuclear Energy,10.1016/j.anucene.2021.108256,https://doi.org/10.1016/j.anucene.2021.108256,title and abstract screened,method or metadata,neural-network surrogate; Bayesian/evolutionary optimization; transport/depletion solver,medium,no,no,no,no,no,no,no,no,no,15.0,Included for structured comparison; use the linked paper for claim-level details.,
S081,E,Surrogate-assisted and multi-objective optimization,"Q1,Q2,Q7,Q9",Optimization by Least Squares,David D. Morrison,1968,article,SIAM Journal on Numerical Analysis,10.1137/0705006,https://doi.org/10.1137/0705006,title and abstract screened,method or metadata,neural-network surrogate; multi-objective optimization; Bayesian/evolutionary optimization,high,no,no,no,no,no,yes,no,no,no,34.0,Included for structured comparison; use the linked paper for claim-level details.,"Previous article Next article Optimization by Least SquaresDavid D. MorrisonDavid D. Morrisonhttps://doi.org/10.1137/0705006PDFBibTexSections ToolsAdd to favoritesExport CitationTrack CitationsEmail SectionsAbout[1] R. Courant, Variational methods for the solution of problems of equilibrium and vibrations, Bull. Amer. Math. Soc., 49 (1943), 1–23 MR0007838 0063.00985 CrossrefGoogle Scholar Previous article Next article FiguresRelatedReferencesCited byDetails A Surrogate Model Based Multi-Objective Optimization Method for Optical Imaging System5 July 2022 | Applied Sciences, Vol. 12, No. 13 Cross Ref An objective penalty function method for biconvex programming3 September 2021 | Journal of Global Optimization, Vol. 81, No. 3 Cross Ref Smoothing Approximation to the New Exact Penalty Function with Two Parameters9 April 2021 | Asia-Pacific Journal of Operational Research, Vol. 38, No. 05 Cross Ref Combined use of a frame and a linear pushbroom camera for deep-sea 3D hyperspectral mapping Cross Ref Phase-shift determination for a 4 × 4 intelligent photonic neural network with compatible learning1 March 2021 | Applied Optics, Vol. 60, No. 7 Cross Ref Penalty and Barrier Methods20 August 2021 Cross Ref Ligand binding to natural and modified human serum albuminAnalytical Biochemistry, Vol. 612 Cross Ref Theorems of Alternative and Optimization4 November 2020 Cross Ref Generalized logarithmic penalty function method for solving smooth nonlinear programming involving invex functions13 April 2019 | Arab Journal of Basic and Applied Sciences, Vol. 26, No. 1 Cross Ref Modified Courant-Beltrami penalty function and its convergence Cross Ref An Objective Penalty Function-Based Method for Inequality Constrained Minimization ProblemMathematical Problems in Engineering, Vol. 2018 Cross Ref A high-performance nonlinear dynamic scheme for the solution of equilibrium constrained optimization problemsExpert Systems with Applications, Vol. 82 Cross Ref A New Augmented Lagrangian Objective Penalty Function for Constrained Optimization ProblemsOpen Journal of Optimization, Vol. 06, No. 02 Cross Ref An M-Objective Penalty Function Algorithm Under Big Penalty Parameters29 August 2015 | Journal of Systems Science and Complexity, Vol. 29, No. 2 Cross Ref Penalty and Barrier Methods Cross Ref Basic Properties of Linear Programs Cross Ref Duality and Complementarity Cross Ref Augmented Lagrangian Objective Penalty Function3 November 2015 | Numerical Functional Analysis and Optimization, Vol. 36, No. 11 Cross Ref An exact penalty function based on the projection matrixApplied Mathematics and Computation, Vol. 245 Cross Ref A feedback neural network for solving convex quadratic bi-level programming problems22 December 2013 | Neural Computing and Applications, Vol. 25, No. 3-4 Cross Ref Second-Order Smoothing Objective Penalty Function for Constrained Optimization Problems6 February 2014 | Numerical Functional Analysis and Optimization, Vol. 35, No. 3 Cross Ref A New Objective Penalty Function Approach for Solving Constrained Minimax Problems20 March 2014 | Journal of the Operations Research Society of China, Vol. 2, No. 1 Cross Ref References8 July 2013 Cross Ref Exactness and algorithm of an objective penalty function4 April 2012 | Journal of Global Optimization, Vol. 56, No. 2 Cross Ref A Smoothing Objective Penalty Function Algorithm for Inequality Constrained Optimization Problems23 May 2011 | Numerical Functional Analysis and Optimization, Vol. 32, No. 7 Cross Ref Lagrange-Type Functions Cross Ref General lagrange-type functions in constrained global optimization part II: Exact auxiliary functions31 January 2008 | Optimization Methods and Software, Vol. 16, No. 1-4 Cross Ref Locating critical points on multi-dimensional surfaces by genetic algorithm: test cases including normal and perturbed argon clustersChemical Physics, Vol. 241, No. 3 Cross Ref Exploring a discretized generator coordinate route to approximate eigenstates of one- and two-dimensional anharmonic oscillators within the framework of the simulated annealing methodChemical Physics Letters, Vol. 262, No. 6 Cross Ref A random walk to local minima and saddle points on a potential energy surface. A strategy based on simulated annealingChemical Physics Letters, Vol. 250, No. 2 Cross Ref Chapter 18 Optimization of linear and non-linear parameters in a trial wavefunction by the method of simulated annealing Cross Ref The MC SCF problem and simulated annealing strategy of global minimizationChemical Physics Letters, Vol. 199, No. 1-2 Cross Ref Exact Auxiliary Functions in Non-Convex Optimization Cross Ref Simultaneous optimization of linear and non-linear parameters of a trial wavefunction: the efficacy of the method of simulated annealingChemical Physics Letters, Vol. 184, No. 4 Cross Ref An Exact Penalization Viewpoint of Constrained OptimizationJames V. Burke14 July 2006 | SIAM Journal on Control and Optimization, Vol. 29, No. 4AbstractPDF (3341 KB)An evaluation of computational strategies for use in the determination of protein structure from distance constraints obtained by nuclear magnetic resonanceProgress in Biophysics and Molecular Biology, Vol. 56, No. 1 Cross Ref A new strategy for the calculation of configuration interaction wavefunctions: direct search involving Metropolis simulated annealingPhysics Letters A, Vol. 148, No. 6-7 Cross Ref On the connection between semiempirical molecular orbital theories and effective hamiltonians: A constrained variational point of viewInternational Journal of Quantum Chemistry, Vol. 37, No. 4 Cross Ref Orthogonality constrained general variational calculation of excited state wavefunctions and energies: A new strategyPramana, Vol. 34, No. 1 Cross Ref Exact auxiliary functions in optimization problemsUSSR Computational Mathematics and Mathematical Physics, Vol. 30, No. 1 Cross Ref Orthogonality-constrained variational calculation of excited state wavefunctions and energies: a penalised-functional-based strategyChemical Physics Letters, Vol. 162, No. 1-2 Cross Ref Circuit optimization: the state of the artIEEE Transactions on Microwave Theory and Techniques, Vol. 36, No. 2 Cross Ref On the direct determination of constrained pure state one-electron density matrices: II. A modified algorithm and its applicationsPramana, Vol. 28, No. 1 Cross Ref On the direct determination of constrained pure state one-electron density matrices: a new algorithmChemical Physics Letters, Vol. 125, No. 3 Cross Ref A method for the parametric representation of objective functions in conditional multicriterial optimizationUSSR Computational Mathematics and Mathematical Physics, Vol. 26, No. 1 Cross Ref On the direct determination of constrained pure state one-electron density matrices: Part I. A new theoretical model for closed-shell systemsPramana, Vol. 25, No. 3 Cross Ref Penalty Functions Cross Ref Iterative Procedures for Constrained and Unilateral Optimization ProblemsJ. Warga17 February 2012 | SIAM Journal on Control and Optimization, Vol. 20, No. 3AbstractPDF (1487 KB)An algorithm for convex constrained minimax optimization based on dualityApplied Mathematics & Optimization, Vol. 7, No. 1 Cross Ref Least squares with non-linear equality constraints Application to closing of balancesJournal of Computational and Applied Mathematics, Vol. 5, No. 4 Cross Ref Optimization of electrical circuits24 February 2009 Cross Ref A library of programs for solving optimal control problemsUSSR Computational Mathematics and Mathematical Physics, Vol. 19, No. 2 Cross Ref Rates of convergence in methods of exterior centersMathematische Operationsforschung und Statistik. Series Optimization, Vol. 9, No. 3 Cross Ref New algorithms for constrained minimax optimizationMathematical Programming, Vol. 13, No. 1 Cross Ref Literatur Cross Ref A method for sequential absolute minimization in mathematical programming problemsCybernetics, Vol. 13, No. 2 Cross Ref A search scheme for approximate solutions of the convex programming problemUSSR Computational Mathematics and Mathematical Physics, Vol. 17, No. 1 Cross Ref A PRACTICAL APPROACH TO NONLINEAR OPTIMISATION OF LARGE INDUCTION MOTORS Cross Ref Nichtlineare Optimierungsmethoden Cross Ref Minimization methods with constraintsJournal of Soviet Mathematics, Vol. 5, No. 1 Cross Ref Nonlinear least squares and nonlinearly constrained optimization21 September 2006 Cross Ref Approximation methods for the unconstrained optimization of functions of several variablesJournal of Soviet Mathematics, Vol. 4, No. 6 Cross Ref Orbital optimisation in single open-shell configurations: A sequential unconstrained minimisation techniqueInternational Journal of Quantum Chemistry, Vol. 9, No. 6 Cross Ref A generalized Lagrangian function and multiplier method3 August 2013 | Journal of Optimization Theory and Applications, Vol. 17, No. 3-4 Cross Ref Optimal design of nonlinear dc transistor circuits without solving network equationsIEEE Transactions on Circuits and Systems, Vol. 22, No. 8 Cross Ref Hybrid computation in mathematical programmingMathematical Programming, Vol. 4, No. 1 Cross Ref A computational comparison of some non-linear programsMathematical Programming, Vol. 4, No. 1 Cross Ref Reliability optimization through sequential simplex search6 April 2007 | International Journal of Control, Vol. 18, No. 1 Cross Ref Least square approach for system reliability optimization†10 August 2010 | International Journal of Control, Vol. 17, No. 1 Cross Ref Penalty function versus non-penalty function methods for constrained nonlinear programming problemsMathematical Programming, Vol. 1, No. 1 Cross Ref New approaches in optimization techniques Cross Ref Methods of centers in nonlinear programming Cross Ref Optimization methods in optics Cross Ref A penalty function formulation for interactive multiobjective programming problems Cross Ref Volume 5, Issue 1| 1968SIAM Journal on Numerical Analysis History Submitted:07 November 1966Published online:14 July 2006 InformationCopyright © 1968 Society for Industrial and Applied MathematicsPDF Download Article & Publication DataArticle DOI:10.1137/0705006Article page range:pp. 83-88ISSN (print):0036-1429ISSN (online):1095-7170Publisher:Society for Industrial and Applied Mathematics"
S082,E,Surrogate-assisted and multi-objective optimization,"Q5,Q6,Q7,Q8,Q9",Long-Term Planning for Nuclear Energy Systems Under Deep Uncertainty,Lance Kyungwoo Kim,2011,dissertation,eScholarship (California Digital Library),,https://escholarship.org/uc/item/4ss19544,title and abstract screened,review or synthesis,multi-objective optimization; Bayesian/evolutionary optimization,high,no,no,no,no,no,yes,no,yes,no,30.0,Included for structured comparison; use the linked paper for claim-level details.,"Long-term planning for nuclear energy systems has been an area of interest for policy planners and systems designers to assess and manage the complexity of the system and the long-term, wide-ranging societal impacts of decisions. However, traditional planning tools are often poorly equipped to cope with the deep parametric, structural, and value uncertainties in long-term planning. A more robust, multiobjective decision-making method is applied to a model of the nuclear fuel cycle to address the many sources of complexity, uncertainty, and ambiguity inherent to long-term planning. Unlike prior studies that rely on assessing the outcomes of a limited set of deployment strategies, solutions in this study arise from optimizing behavior against multiple incommensurable objectives, utilizing goal-seeking multiobjective evolutionary algorithms to identify minimax regret solutions across various demand scenarios. By excluding inferior and infeasible solutions, the choice between the Pareto optimal solutions depends on a decision-maker's preferences for the defined outcomes - limiting analyst bias and increasing transparency.Though simplified by the necessity of reducing computational burdens, the nuclear fuel cycle model captures important phenomena governing the behavior of the nuclear energy system relevant to the decision to close the fuel cycle - incorporating reactor population dynamics, material stocks and flows, constraints on material flows, and outcomes of interest to decision-makers. Technology neutral performance criteria are defined consistent with the Generation IV International Forum goals of improved security and proliferation resistance based on structural features of the nuclear fuel cycle, natural resource sustainability, and waste production. A review of safety risks and the economic history of the development of nuclear technology suggests that safety and economic criteria may not be decisive criteria as the safety risks posed by alternative fuel cycles may be comparable in aggregate and economic performance is uncertain and path dependent.Technology strategies impacting reactor lifetimes and advanced reactor introduction dates are evaluated against a high, medium, and phaseout scenarios of nuclear energy demand. Non-dominated, minimax regret solutions are found with the NSGA- II multiobjective evolutionary algorithm. Results suggest that more aggressive technology strategies featuring the early introduction of breeder and burner reactors, possibly combined with lifetime extension of once-through systems, tend to dominate less aggressive strategies under more demanding growth scenarios over the next century. Less aggressive technology strategies that delay burning and breeding tend to be clustered in the minimax regret space, suggesting greater sensitivity to shifts in preferences. Lifetime extension strategies can unexpectedly result in fewer deployments of once-through systems, permitting the growth of advanced systems to meet demand. Both breeders and burners are important for controlling plutonium inventories with breeders achieving lower inventories in storage by locking material in reactor cores while burners can reduce the total inventory in the system. Other observations include the indirect impacts of some performance measures, the relatively small impact of technology strategies on the waste properties of all material in the system, and the difficulty of phasing out nuclear energy while meeting all objectives with the specified technology options."
S083,E,Surrogate-assisted and multi-objective optimization,"Q1,Q2,Q7,Q9",Optimization of zigzag flow channels of a printed circuit heat exchanger for nuclear power plant application,Sangmoon Lee; Kwang‐Yong Kim,2012,article,Journal of Nuclear Science and Technology,10.1080/00223131.2012.660012,https://doi.org/10.1080/00223131.2012.660012,title and abstract screened,experimental or measured,multi-objective optimization; Bayesian/evolutionary optimization,high,no,no,no,no,no,yes,yes,no,no,30.0,Included for structured comparison; use the linked paper for claim-level details.,"Printed circuit heat exchanger (PCHE) is recently considered as a recuperator for the high-temperature gas cooled reactor. In this study, shape optimization of zigzag flow channels in a PCHE has been performed to enhance heat transfer performance and reduce the friction loss based on three-dimensional Reynolds-averaged Navier–Stokes analysis with the Shear Stress Transport Turbulence model. A multi-objective genetic algorithm is used for the multi-objective optimization. Two non-dimensional objective functions related to heat transfer performance and friction loss are employed. The shape of a flow channel is defined by two geometric design variables, viz. the cold channel angle and the ellipse aspect ratio of the cold channel. The experimental points within the design space are selected using Latin hypercube sampling as the design of the experiment. The response surface approximation model is used to approximate the Pareto-optimal front. Five optimal designs on the Pareto-optimal front have been selected using k-means clustering. The flow and heat transfer characteristics, as well as the objective function values, of these designs have been compared with those of the reference design."
S084,E,Surrogate-assisted and multi-objective optimization,"Q1,Q2,Q7,Q9",Multiobjective Bayesian optimization for online accelerator tuning,Ryan Roussel; Adi Hanuka; Auralee Edelen,2021,article,Physical Review Accelerators and Beams,10.1103/physrevaccelbeams.24.062801,https://doi.org/10.1103/physrevaccelbeams.24.062801,title and abstract screened,mixed simulation and measurement,Gaussian-process surrogate; multi-objective optimization; Bayesian/evolutionary optimization,high,no,no,yes,no,no,yes,yes,no,no,29.0,Included for structured comparison; use the linked paper for claim-level details.,"Particle accelerators require constant tuning during operation to meet beam quality, total charge and particle energy requirements for use in a wide variety of physics, chemistry and biology experiments. Maximizing the performance of an accelerator facility often necessitates multiobjective optimization, where operators must balance trade-offs between multiple competing objectives simultaneously, often using limited, temporally expensive beam observations. Usually, accelerator optimization problems are solved off-line, prior to actual operation, with advanced beam line simulations and parallelized optimization methods (NSGA-II, swarm optimization). Unfortunately, it is not feasible to use these methods for online multiobjective optimization, since beam measurements can only be done in a serial fashion, and these optimization methods require a large number of measurements to converge to a useful solution. Here, we introduce a multiobjective Bayesian optimization scheme, which finds the full Pareto front of an accelerator optimization problem efficiently in a serialized manner and is thus a critical step towards practical online multiobjective optimization in accelerators. This method uses a set of Gaussian process surrogate models, along with a multiobjective acquisition function, to reduce the number of observations needed to converge by at least an order of magnitude over current methods. We demonstrate how this method can be modified to specifically solve optimization challenges posed by the tuning of accelerators. This includes the addition of optimization constraints, objective preferences and costs related to changing accelerator parameters."
S085,E,Surrogate-assisted and multi-objective optimization,"Q1,Q2,Q7,Q9",An agent-based blackboard system for multi-objective optimization,Ryan Stewart; Todd Palmer; Samuel E. Bays,2022,article,Journal of Computational Design and Engineering,10.1093/jcde/qwac009,https://doi.org/10.1093/jcde/qwac009,title and abstract screened,experimental or measured,multi-objective optimization,high,no,no,no,no,no,yes,yes,no,no,28.0,Included for structured comparison; use the linked paper for claim-level details.,"Abstract In the field of multi-objective optimization, there are a multitude of algorithms from which to choose. Each algorithm has strengths and weaknesses associated with the mechanics for finding the Pareto front. Recently, researchers have begun to examine how multi-agent environments can be used to help solve multi-objective optimization problems. In this work, we propose a multi-objective optimization algorithm based on a multi-agent blackboard system (MABS). The MABS framework allows for multiple agents to read and write pertinent optimization problem data to a central blackboard agent. Agents can stochastically search the design space, use previously discovered solutions to explore local optima, or update and prune the Pareto front. A centralized blackboard framework allows the optimization problem to be solved in a cohesive manner and permits stopping, restarting, or updating the optimization problem. The MABS framework is tested against three alternative optimization algorithms across a suite of engineering design problems and typically outperforms the other algorithms in discovering the Pareto front. A parallelizability study is performed where we find that the MABS is able to evaluate a set number of designs, which require an evaluation time ranging from 0 to 300 seconds, quicker than a traditional optimization algorithm: this fact becomes more apparent the longer it takes to evaluate a design. To provide context for the benefits provided by MABS, a real-world nuclear engineering design problem is examined. MABS is used to examine the placement of experiments in a nuclear reactor, where we are able to evaluate hundreds of configurations for experimental placement while maintaining a strict set of safety constraints."
S086,E,Surrogate-assisted and multi-objective optimization,"Q1,Q2,Q7,Q9",Multiobjective in-core fuel management optimisation for nuclear research reactors,Evert B. Schlünz,2016,dissertation,SUNScholar (Stellenbosch University),,http://hdl.handle.net/10019.1/100070,title and abstract screened,simulation or solver generated,neural-network surrogate; multi-objective optimization,high,no,no,no,no,no,yes,no,no,no,27.0,Included for structured comparison; use the linked paper for claim-level details.,"ENGLISH SUMMARY : The efficiency and effectiveness of fuel usage in a typical nuclear reactor is influenced by the specific arrangement of available fuel assemblies in the reactor core positions. This arrangement of assemblies is referred to as a fuel reload configuration and usually has to be determined anew for each operational cycle of a reactor. Very often, multiple objectives are pursued simultaneously when designing a reload configuration, especially in the context of nuclear research reactors. In the multiobjective in-core fuel management optimization (MICFMO) problem, the aim is to identify a Pareto optimal set of compromise or trade-off reload configurations. Such a set may then be presented to a decision maker (i.e. a nuclear reactor operator) for consideration so as to select a preferred configuration. In the first part of this dissertation, a secularization-based methodology for MICFMO is pro- posed in order to address several shortcomings associated with the popular weighting method often employed in the literature for solving the MICFMO problem. The proposed methodology has been implemented in a reactor simulation code, called the OSCAR-4 system. In order to demonstrate its practical applicability, the methodology is applied to solve several MICFMO problem instances in the context of two research reactors. In the second part of the dissertation, an extensive investigation is conducted into the suitability of several multiobjective optimization algorithms for solving the constrained MICFMO problem. The computation time required to perform the investigation is reduced through the usage of several artificial neural networks constructed in the dissertation for objective and constraint function evaluations. Eight multiobjective metaheuristics are compared in the context of a test suite of several MICFMO problem instances, based on the SAFARI-1 research reactor in South Africa. The investigation reveals that the NSGA-II, the P-ACO algorithm and the MOOCEM are generally the best-performing metaheuristics across the problem instances in the test suite, while the MOVNS algorithm also performs well in the context of bi-objective problem instances. As part of this investigation, a multiplicative penalty function (MPF) constraint handling technique is also proposed and compared to an existing constraint handling technique, called constrained-domination. The comparison reveals that the MPF technique is a competitive alternative to constrained-domination. In an attempt to raise the level of generality at which MICFMO may be performed and potentially improve the quality of optimization results, a multiobjective hyperheuristic, called the AMALGAM method, is also considered in this dissertation. This hyperheuristic incorporates multiple metaheuristic sub-algorithms simultaneously for optimization. Testing reveals that the AMALGAM method yields superior results in the majority of problem instances in the test suite, thus achieving the dual goal of raising the level of generality and of yielding improved optimization results. The method has also been implemented in the OSCAR-4 system and is applied to solve several MICFMO case study problem instances, based on two research reactors, in order to demonstrate its practical applicability. Finally, in the third part of this dissertation, a conceptual framework is proposed for an optimization-based personal decision support system, dedicated to MICFM. This framework may serve as the basis for developing a computerized tool to aid nuclear reactor operators in designing suitable reload configurations."
S087,E,Surrogate-assisted and multi-objective optimization,"Q1,Q2,Q7,Q9",Hybrid Surrogate Model-Based Multi-Objective Lightweight Optimization of Spherical Fuel Element Canister,Yuchen Hao; Jinhua Wang; Musen Lin; Menghang Gong; Wei Zhang; Bin Wu; et al.,2023,article,Energies,10.3390/en16083587,https://doi.org/10.3390/en16083587,title and abstract screened,simulation or solver generated,multi-objective optimization; Bayesian/evolutionary optimization,high,no,no,no,no,no,yes,no,no,no,25.0,Included for structured comparison; use the linked paper for claim-level details.,"A number of canisters need to be lightweight designed to store the spherical fuel elements (SFE) used in high-temperature gas-cooled reactors (HTGR). The main challenge for engineering is pursuing high-accuracy and high-efficiency optimization simultaneously. Accordingly, a hybrid surrogate model-based multi-objective optimization method with the numerical method for the lightweight and safe design of the SFE canister is proposed. To be specific, the drop analysis model of the SFE canister is firstly established where the finite element method—discrete element method (FEM–DEM) coupled method is integrated to simulate the interaction force between the SFE and canister. Through simulation, the design variables, optimization objectives, and constraints are identified. Then the hybrid radial basis function—response surface method (RBF–RSM) surrogate method is carried out to approximate and simplify the accurate numerical model. A non-dominated sorting genetic algorithm (NSGA-II) is used for resolving this multi-objective model. Optimal design is validated using comprehensive comparison, and the reduction of weight and maximum strain can be up to 2.46% and 44.65%, respectively. High-accuracy simulation with high-efficiency optimization is successfully demonstrated to perform the lightweight design on nuclear facilities."
S088,E,Surrogate-assisted and multi-objective optimization,"Q1,Q2,Q7,Q9","Integrated modeling, surrogate-assisted multi-objective optimization, and decision-making of compact supercritical carbon dioxide Brayton cycle nuclear energy systems for lightweight and high-efficiency applications",Yu Shen; Xiafeng Zhou,2025,article,Energy Conversion and Management,10.1016/j.enconman.2025.120852,https://doi.org/10.1016/j.enconman.2025.120852,title and abstract screened,method or metadata,multi-objective optimization,high,no,no,no,no,no,yes,no,no,no,25.0,Included for structured comparison; use the linked paper for claim-level details.,
S089,E,Surrogate-assisted and multi-objective optimization,"Q1,Q2,Q7,Q9",Multiobjective optimization of nuclear microreactor reactivity control system operation with swarm and evolutionary algorithms,Dean Price; Majdi I. Radaideh; Brendan Kochunas,2022,article,Nuclear Engineering and Design,10.1016/j.nucengdes.2022.111776,https://doi.org/10.1016/j.nucengdes.2022.111776,title and abstract screened,method or metadata,multi-objective optimization; Bayesian/evolutionary optimization,high,no,no,no,no,no,yes,no,no,no,25.0,Included for structured comparison; use the linked paper for claim-level details.,
S090,E,Surrogate-assisted and multi-objective optimization,"Q1,Q2,Q7,Q9",Neural Network Acceleration of Genetic Algorithms for the Optimization of a Coupled Fast/Thermal Nuclear Experiment,John Pevey; Vlad Sobes; Wes Hines,2022,article,Frontiers in Energy Research,10.3389/fenrg.2022.874194,https://doi.org/10.3389/fenrg.2022.874194,title and abstract screened,experimental or measured,neural-network surrogate; multi-objective optimization; Bayesian/evolutionary optimization,medium,no,no,no,no,no,yes,yes,no,no,23.0,Included for structured comparison; use the linked paper for claim-level details.,"Genetic algorithms (GA) are used to optimize the Fast Neutron Source (FNS) core fuel loading to maximize a multiobjective function. The FNS has 150 material locations that can be loaded with one of three different materials resulting in over 3E+71 combinations. The individual designs are evaluated with computationally intensive calls to MCNP. To speed up the optimization, convolutional neural networks (CNN) are trained as surrogate models and used to produce better performing candidates that will meet the design constraints before they are sent to the costly MCNP evaluations. A major hurdle in training neural networks of all kinds is the availability of robust training data. In this application, we use the data produced by the GA as training data for the surrogate models which combine geometric features of the system to predict the objectives and constraint objectives. Utilizing the surrogate models, the accelerated algorithm produced more viable designs that significantly improved the objective function utilizing the same computational resources."
S091,E,Surrogate-assisted and multi-objective optimization,"Q1,Q2,Q7,Q9",Algorithm 1028: VTMOP: Solver for Blackbox Multiobjective Optimization Problems,Tyler H. Chang; Layne T. Watson; Jeffrey Larson; Nicole Neveu; William I. Thacker; Shubhangi Deshpande; et al.,2022,article,ACM Transactions on Mathematical Software,10.1145/3529258,https://doi.org/10.1145/3529258,title and abstract screened,method or metadata,multi-objective optimization,medium,no,no,no,no,no,yes,no,no,no,22.0,Included for structured comparison; use the linked paper for claim-level details.,"VTMOP is a Fortran 2008 software package containing two Fortran modules for solving computationally expensive bound-constrained blackbox multiobjective optimization problems. VTMOP implements the algorithm of [ 32 ], which handles two or more objectives, does not require any derivatives, and produces well-distributed points over the Pareto front. The first module contains a general framework for solving multiobjective optimization problems by combining response surface methodology, trust region methodology, and an adaptive weighting scheme. The second module features a driver subroutine that implements this framework when the objective functions can be wrapped as a Fortran subroutine. Support is provided for both serial and parallel execution paradigms, and VTMOP is demonstrated on several test problems as well as one real-world problem in the area of particle accelerator optimization."
S092,E,Surrogate-assisted and multi-objective optimization,"Q1,Q2,Q7,Q9",Neural networks as effective surrogate models of radio-frequency quadrupole particle accelerator simulations,Joshua Villarreal; Daniel Winklehner; Daniel Koser; J. M. Conrad,2024,article,Machine Learning Science and Technology,10.1088/2632-2153/ad3a30,https://doi.org/10.1088/2632-2153/ad3a30,title and abstract screened,simulation or solver generated,neural-network surrogate; multi-objective optimization,medium,no,no,no,no,no,yes,no,no,no,22.0,Included for structured comparison; use the linked paper for claim-level details.,"Abstract Radio-frequency quadrupoles (RFQs) are multi-purpose linear particle accelerators that simultaneously bunch and accelerate charged particle beams. They are ubiquitous in accelerator physics, especially as injectors to higher-energy machines, owing to their impressive efficiency. The design and optimization of these devices can be lengthy due to the need to repeatedly perform high-fidelity simulations. Several recent papers have demonstrated that machine learning can be used to build surrogate models (fast-executing replacements of computationally costly beam simulations) for order-of-magnitude computing time speedups. However, while these pilot studies are encouraging, there is room to improve their predictive accuracy. Particularly, beam summary statistics such as emittances (an important figure of merit in particle accelerator physics) have historically been challenging to predict. For the first time, we present a surrogate model trained on 200 000 samples that yields <mml:math xmlns:mml=""http://www.w3.org/1998/Math/MathML"" overflow=""scroll""> <mml:mrow> <mml:mo>&lt;</mml:mo> </mml:mrow> </mml:math> 6% mean average percent error for the predictions of all relevant beam output parameters from defining RFQ design parameters, solving the problem of poor emittance predictions by identifying and including hidden variables which were not accounted for previously. These surrogate models were made possible by using the Julia language and GPU computing; we briefly discuss both. We demonstrate the utility of surrogate modeling by performing a multi-objective optimization using our best model as a callback in the objective function to select an optimal RFQ design. We consider trade-offs in RFQ performance for various choices of Pareto-optimal design variables—common issues for any multi-objective optimization scheme. Lastly, we make recommendations for input data preparation, selection, and neural network architectures that pave the way for future development of production-capable surrogate models for RFQs and other particle accelerators."
S093,E,Surrogate-assisted and multi-objective optimization,"Q5,Q6,Q7",Multi-parameter optimization of gamma emission tomography instruments for irradiated nuclear fuel examination,Lorenzo Senis; Vikram Rathore; E. Andersson Sundén; Zsolt Elter; Débora M. Trombetta; Ane Håkansson; et al.,2023,article,Nuclear Instruments and Methods in Physics Research Section A Accelerators Spectrometers Detectors and Associated Equipment,10.1016/j.nima.2023.168698,https://doi.org/10.1016/j.nima.2023.168698,title and abstract screened,experimental or measured,multi-objective optimization,medium,no,no,no,no,no,yes,yes,no,yes,21.0,Included for structured comparison; use the linked paper for claim-level details.,"Material test reactors have an extended use in irradiation testing of novel nuclear fuel materials and the fuel behavior in off-normal conditions. The performance of the nuclear fuel is examined in in-pile and out-of-pile post-irradiation examinations (PIEs), e.g., using Gamma Emission Tomography (GET). GET is a nondestructive assay that images the internal spatial distribution of gamma-emitting nuclides built up in the fuel due to irradiation. Since GET can be performed close to the reactor and without intrusion in the fuel object, it can potentially speed up the data generation from PIE in irradiation testing. The performance metrics of GET devices can be identified regarding time requirements, noise in the reconstructed image, signal-to-background ratio, and spatial resolution. However, these are complicated to determine, partly due to inherent trade-offs between the metrics themselves, partly because they depend on the fuel activity and its spectrum (i.e., object dependent), and, finally, on the GET setup and its configuration. This work proposes a structured methodology for optimizing the collimator design for a new generation of GET tomography setups, intending to improve spatial resolution by one order of magnitude: from the millimeter scale to the hundred-micron scale. The conflicting performance metrics are determined based on the controllable parameters of the GET setup and the uncontrollable parameters of an anticipated fuel object, able to provide a signal-to-background ratio above a customized limit, chosen based on the specific application. The trade-off between the performance remaining metrics is then visualized by a Pareto approach, where dominated solutions are rejected. Finally, constraints on noise level and measurement time are used to find the optimal spatial resolution, without applying noise suppression filters. Two GET setups are presented using the outlined method. Firstly, to upgrade the tomography test bench BETTAN at Uppsala University, a new segmented HPGe detector is planned to be used with low-activity fuel rod mock-ups. Secondly, a GET system for investigating high-activity nuclear fuel rods of representative burnup. For a nuclear fuel inspection, the results showed that a spatial resolution of about 300 μm is possible with reasonable noise and measurement time constraints."
S094,E,Surrogate-assisted and multi-objective optimization,"Q1,Q2,Q7,Q9",Constrained Optimization of Sensor Placement for Nuclear Digital Twins,Niharika Karnik; Mohammad Abdo; Carlos E. Estrada-Pérez; Junsoo Yoo; Joshua J. Cogliati; Richard Skifton; et al.,2024,article,IEEE Sensors Journal,10.1109/jsen.2024.3368875,https://doi.org/10.1109/jsen.2024.3368875,title and abstract screened,experimental or measured,domain study,medium,no,no,yes,no,no,no,yes,yes,no,18.0,Included for structured comparison; use the linked paper for claim-level details.,"The deployment of extensive sensor arrays in nuclear reactors is infeasible due to challenging operating conditions and inherent spatial limitations. Strategically placing sensors within defined spatial constraints is essential for the reconstruction of reactor flow fields and the creation of nuclear digital twins. We develop a data-driven technique that incorporates constraints into an optimization framework for sensor placement, with the primary objective of minimizing reconstruction errors under noisy sensor measurements. The proposed greedy algorithm optimizes sensor locations over high-dimensional grids, adhering to user-specified constraints. We demonstrate the efficacy of optimized sensors by exhaustively computing all feasible configurations for a low-dimensional dynamical system. To validate our methodology, we apply the algorithm to the Out-of-Pile Testing and Instrumentation Transient Water Irradiation System (OPTI-TWIST) prototype capsule. This capsule is electrically heated to emulate the neutronics effect of the nuclear fuel. The TWIST prototype that will eventually be inserted in the Transient Reactor Test facility (TREAT) at the Idaho National Laboratory (INL), serves as a practical demonstration. The resulting sensor-based temperature reconstruction within OPTI-TWIST demonstrates minimized error, provides probabilistic bounds for noise-induced uncertainty, and establishes a foundation for communication between the digital twin and the experimental facility."
S095,E,Surrogate-assisted and multi-objective optimization,"Q1,Q2,Q7,Q9",Developing a Technique for Constructing Surrogate Models of Equipment on the Example of a Hydraulic Model of a Gas-Removal Device,И. А. Коновалов; A. N. Sokolov; A. A. Barinov; T. K. Zyryanova,2023,article,Thermal Engineering,10.1134/s0040601523020040,http://dx.doi.org/10.1134/s0040601523020040,title and abstract screened,mixed simulation and measurement,multi-objective optimization,medium,no,no,no,no,no,yes,yes,no,no,18.0,Included for structured comparison; use the linked paper for claim-level details.,"Abstract At present, the power-engineering industry is faced with the urgent task of increasing the efficiency and safety of the equipment being designed. Due to the growing complexity of the developed units, an increasingly detailed analysis of thermal-hydraulic processes is required (including the use of three-dimensional CFD codes), which leads to an increase in the time spent on simulation. At the same time, increasing the efficiency of complex thermal-hydraulic systems with many variable technical parameters that affect the performance of the system can be justified using mathematical algorithms for multiobjective optimization, which require a large number of variant calculations (or experiments) of the system under consideration. In this case, the use of CFD codes for modeling individual geometrically complex elements in the optimization cycle becomes difficult since it leads to unacceptable time costs. This problem can be solved using the approximation dependence (surrogate model) of the input and output parameters, built on the basis of some training sample obtained during the calculation or experiment, instead of the original complex computational mathematical model. However, in this case, with an increase in the dimension of the problem, an increase in the training set is required. In the framework of this work, a method is proposed for representing a surrogate model of high dimension as a set of approximation dependencies with a smaller number of dimensions, which allows training more accurate models on smaller samples. The methodology for generating training samples is considered, and the methodology for constructing hydraulic surrogate models of power equipment is presented using the example of a gas-removal device for a low-power nuclear power plant. A good agreement between the constructed surrogate model and the results of numerical simulation is obtained."
S096,E,Surrogate-assisted and multi-objective optimization,"Q1,Q2,Q3,Q7,Q9",Production of Sm-153 With Very High Specific Activity for Targeted Radionuclide Therapy,Michiel Van de Voorde; Charlotte Duchemin; Reinhard Heinke; Laura Lambert; E. Chevallay; Thomas Schneider; et al.,2021,article,Frontiers in Medicine,10.3389/fmed.2021.675221,https://doi.org/10.3389/fmed.2021.675221,title and abstract screened,experimental or measured,domain study,medium,no,no,no,no,no,no,yes,no,no,18.0,Included for structured comparison; use the linked paper for claim-level details.,"Samarium-153 ( 153 Sm) is a highly interesting radionuclide within the field of targeted radionuclide therapy because of its favorable decay characteristics. 153 Sm has a half-life of 1.93 d and decays into a stable daughter nuclide ( 153 Eu) whereupon β − particles [E = 705 keV (30%), 635 keV (50%)] are emitted which are suitable for therapy. 153 Sm also emits γ photons [103 keV (28%)] allowing for SPECT imaging, which is of value in theranostics. However, the full potential of 153 Sm in nuclear medicine is currently not being exploited because of the radionuclide's limited specific activity due to its carrier added production route. In this work a new production method was developed to produce 153 Sm with higher specific activity, allowing for its potential use in targeted radionuclide therapy. 153 Sm was efficiently produced via neutron irradiation of a highly enriched 152 Sm target (98.7% enriched, σ th = 206 b) in the BR2 reactor at SCK CEN. Irradiated target materials were shipped to CERN-MEDICIS, where 153 Sm was isolated from the 152 Sm target via mass separation (MS) in combination with laser resonance enhanced ionization to drastically increase the specific activity. The specific activity obtained was 1.87 TBq/mg (≈ 265 times higher after the end of irradiation in BR2 + cooling). An overall mass separation efficiency of 4.5% was reached on average for all mass separations. Further radiochemical purification steps were developed at SCK CEN to recover the 153 Sm from the MS target to yield a solution ready for radiolabeling. Each step of the radiochemical process was fully analyzed and characterized for further optimization resulting in a high efficiency (overall recovery: 84%). The obtained high specific activity (HSA) 153 Sm was then used in radiolabeling experiments with different concentrations of 4-isothiocyanatobenzyl-1,4,7,10-tetraazacyclododecane tetraacetic acid ( p -SCN-Bn-DOTA). Even at low concentrations of p -SCN-Bn-DOTA, radiolabeling of 0.5 MBq of HSA 153 Sm was found to be efficient. In this proof-of-concept study, we demonstrated the potential to combine neutron irradiation with mass separation to supply high specific activity 153 Sm. Using this process, 153 SmCl 3 suitable for radiolabeling, was produced with a very high specific activity allowing application of 153 Sm in targeted radionuclide therapy. Further studies to incorporate 153 Sm in radiopharmaceuticals for targeted radionuclide therapy are ongoing."
S097,E,Surrogate-assisted and multi-objective optimization,"Q1,Q2,Q4,Q5,Q7,Q9",Surrogate Model Optimisation for PWR Fuel Management,Andrew Whyte,2020,dissertation,Apollo (University of Cambridge),10.17863/cam.61917,https://www.repository.cam.ac.uk/handle/1810/314810,title and abstract screened,mixed simulation and measurement,neural-network surrogate; multi-objective optimization,medium,no,no,no,no,no,yes,yes,no,no,18.0,Included for structured comparison; use the linked paper for claim-level details.,"Pressurised Water Reactor (PWR) fuel management is an operational problem for nuclear operators, requiring solutions on a regular basis throughout the life of the plant. A variety of conflicting factors and changing goals mean that fuel loading pattern design problems are multiobjective and, by design, have many input variables. This causes a combinatorial explosion, known as the ‘curse of dimensionality’, which makes these complex problems difficult to investigate. In this thesis, the method of surrogate model optimisation is adapted to PWR loading pattern generation. Surrogate models are developed based around three approaches: deep learning methods (convolutional neural networks and multi-layer perceptrons), the fission matrix and simulated quantum annealing. The models are used to predict core parameters of reactors in simplified optimisation scenarios for a microcore, a small modular reactor, and a ‘standard’ PWR. The experiments with deep learning models show that competitive results can be obtained for training sets using a much lower number of simulations than direct optimisation. Fission matrix experiments demonstrate the method to predict core parameters for the first time, with interesting preliminary results. Novel experiments using simulated quantum annealing demonstrate the technique is able to generate loading patterns by following heuristic rules and is suitable for application to custom optimisation hardware. The principal contribution of this work is to show that surrogate model optimisation can be used to augment fuel loading pattern optimisation, generating competitive results and providing enormous computational cost reduction and thus permitting more investigation within a given computational budget. These methods can also make use of new computational hardware such as neural chips and quantum annealers. The promising methods developed in this thesis thus provide candidate implementations that can bring the benefits of these innovations to the sphere of nuclear engineering."
S098,E,Surrogate-assisted and multi-objective optimization,"Q1,Q2,Q7,Q9",Analysis and optimization research on latch life of control rod drive mechanism based on approximate model,Sitong Ling; Wenqiang Li; Tianda Yu; Qiang Deng; Guo‐Zhong Fu,2021,article,Nuclear Engineering and Technology,10.1016/j.net.2021.06.012,https://doi.org/10.1016/j.net.2021.06.012,title and abstract screened,experimental or measured,multi-objective optimization,medium,no,no,no,no,no,yes,yes,no,no,17.0,Included for structured comparison; use the linked paper for claim-level details.,"The Control Rod Drive Mechanism (CRDM) is an essential part of the reactor, which realizes the start-stop and power adjustment of the reactor by lifting and lowering the control rod assembly. As a moving part in CRDM, the latch directly contacts with the control rod assembly, and the life of latch is closely related to the service life of the reactor. In this paper, the relationship between the life of the latch and the step stress, friction stress, and impact stress in the process of movement is analyzed, and the optimization methodology and process of latch life based on the approximate model are proposed. The design variables that affect the life of the latch are studied through the experimental design, and the optimization objective of design variables based on the latch life is established. Based on this, an approximate model of the life of the latch is built, and the multi-objective optimization of the life of the latch is optimized through the NSGA-II algorithm."
S099,E,Surrogate-assisted and multi-objective optimization,"Q1,Q2,Q7,Q9",Input Beam Matching and Beam Dynamics Design Optimizations of the IsoDAR RFQ Using Statistical and Machine Learning Techniques,Daniel Koser; Loyd Waites; Daniel Winklehner; Matthias Frey; Andreas Adelmann; Janet M Conrad,2022,article,Frontiers in Physics,10.3389/fphy.2022.875889,https://doi.org/10.3389/fphy.2022.875889,title and abstract screened,simulation or solver generated,neural-network surrogate; multi-objective optimization,medium,no,no,no,no,no,yes,no,no,no,16.0,Included for structured comparison; use the linked paper for claim-level details.,"We present a novel machine learning-based approach to generate fast-executing virtual radiofrequency quadrupole (RFQ) particle accelerators using surrogate modelling. These could potentially be used as on-line feedback tools during beam commissioning and operation, and to optimize the RFQ beam dynamics design prior to construction. Since surrogate models execute orders of magnitude faster than corresponding physics beam dynamics simulations using standard tools like PARMTEQM and RFQGen, the computational complexity of the multi-objective optimization problem reduces significantly. Ultimately, this presents a computationally inexpensive and time efficient method to perform sensitivity studies and an optimization of the crucial RFQ beam output parameters like transmission and emittances. Two different methods of surrogate model creation (polynomial chaos expansion and neural networks) are discussed and the achieved model accuracy is evaluated for different study cases with gradually increasing complexity, ranging from a simple FODO cell example to the full RFQ optimization. We find that variations of the beam input Twiss parameters can be reproduced well. The prediction of the beam with respect to hardware changes, e.g., the electrode modulation, are challenging on the other hand. We discuss possible reasons for that and elucidate nevertheless existing benefits of the applied method to RFQ beam dynamics design."
S100,E,Surrogate-assisted and multi-objective optimization,"Q1,Q2,Q7,Q8,Q9",Machine learning for orders of magnitude speedup in multiobjective optimization of particle accelerator systems,Auralee Edelen; Nicole Neveu; Matthias Frey; Yannick Huber; Christopher Mayes; Andreas Adelmann,2020,article,Physical Review Accelerators and Beams,10.1103/physrevaccelbeams.23.044601,https://doi.org/10.1103/physrevaccelbeams.23.044601,title and abstract screened,mixed simulation and measurement,multi-objective optimization,medium,no,no,no,no,no,yes,yes,no,no,16.0,Included for structured comparison; use the linked paper for claim-level details.,"High-fidelity physics simulations are powerful tools in the design and optimization of charged particle accelerators. However, the computational burden of these simulations often limits their use in practice for design optimization and experiment planning. It also precludes their use as on-line models tied directly to accelerator operation. We introduce an approach based on machine learning to create nonlinear, fast-executing surrogate models that are informed by a sparse sampling of the physics simulation. The models are $\mathcal{O}({10}^{6})--\mathcal{O}({10}^{7})$ times more computationally efficient to execute. We also demonstrate that these models can be reliably used with multiobjective optimization to obtain orders-of-magnitude speedup in initial design studies and experiment planning. For example, we required 132 times fewer simulation evaluations to obtain an equivalent solution for our main test case, and initial studies suggest that between 330--550 times fewer simulation evaluations are needed when using an iterative retraining process. Our approach enables new ways for high-fidelity particle accelerator simulations to be used, at comparatively little computational cost."
S101,F,"Uncertainty, distribution shift, and reliability","Q1,Q2,Q5,Q6,Q7,Q8,Q9",Metamodel-based inverse uncertainty quantification of nuclear reactor simulators under the Bayesian framework,Xu Wu,2017,dissertation,Illinois Digital Environment for Access to Learning and Scholarship (University of Illinois at Urbana-Champaign),,http://hdl.handle.net/2142/99335,title and abstract screened,mixed simulation and measurement,Gaussian-process surrogate; uncertainty/reliability method,high,no,no,yes,no,no,no,yes,yes,yes,33.0,Included for structured comparison; use the linked paper for claim-level details.,"Mathematical modeling and computer simulations have long been the central technical topics in practically all branches of science and technology. Tremendous progress has been achieved in revealing quantitative connections between numerical predictions and real-world observations. However, because computer models are reduced representations of the real phenomena, there are always discrepancies between ideal in silico designed systems and real-world manufactured ones. As a consequence, uncertainties must be quantified along with the simulation outputs to facilitate optimal design and decision making, ensure robustness, performance or safety margins. Forward uncertainty propagation requires knowledge in the statistical information for computer model random inputs, for example, the mean, variance, Probability Density Functions (PDFs), upper and lower bounds, etc. Historically, ``expert judgment'' or ``user self-evaluation'' have been used to specify the uncertainty information associated with random input parameters. Such ad hoc characterization is unscientific and lacks mathematical rigor. \n\nIn this thesis, we attempt to solve such ``lack of uncertainty information'' issue with inverse Uncertainty Quantification (UQ). Inverse UQ is the process to seek statistical descriptions of the random input parameters that are consistent with available high-quality experimental data. We formulate the inverse UQ process under the Bayesian framework using the ``model updating equation''. Markov Chain Monte Carlo (MCMC) sampling is applied to explore the posterior distributions and generate samples from which we can extract statistical information for the uncertain input parameters. To greatly alleviate the computational burden during MCMC sampling, we used systematically and rigorously developed metamodels based on stochastic spectral techniques and Gaussian Processes (also known as Kriging) emulators.\n\nWe demonstrated the developed methodology based on three problems with different levels of sophistication: (1) Point Reactor Kinetics Equation (PRKE) coupled with lumped parameter thermal-hydraulics feedback model based on synthetic experimental data; (2) best-estimate system thermal-hydraulics code TRACE physical model parameters based on OECD/NRC BWR Full-size Fine-Mesh Bundle Tests (BFBT) benchmark steady-state void fraction data; (3) fuel performance code BISON Fission Gas Release (FGR) model based on Risø-AN3 on-line time-dependent FGR measurement data. Metamodels constructed with generalized Polynomial Chaos Expansion (PCE), Sparse Gird Stochastic Collocation (SGSC) and GP were applied respectively for these three problems to replace the full models during MCMC sampling.\n\nWe proposed an improved modular Bayesian approach that can avoid extrapolating the model discrepancy that is learnt from the inverse UQ domain to the validation/prediction domain. The improved approach is organized in a structure such that the posteriors achieved with data in inverse UQ domain is informed by data in the validation domain. Therefore, over-fitting can be avoided while extrapolation is not required. A sequential approach was also developed for test source allocation (TSA) for inverse UQ and validation. This sequential TSA methodology first select tests for validation that has a full coverage of the test domain to avoid extrapolation of model discrepancy term when evaluated at input setting of tests for inverse UQ. Then it select tests that tend to reside in the unfilled zones of the test domain for inverse UQ, so that inverse UQ can extract the most information for posteriors of calibration parameters using only a relatively small number of tests.\n\nThe inverse UQ process successfully quantified the uncertainties associated with input parameters that are consistent with the experimental observations. The quantified uncertainties are necessary for future uncertainty and sensitivity study of nuclear reactor simulators in system design and safety analysis. We applied and extended several advanced metamodeling approaches to nuclear engineering practice to greatly reduce the computational cost. The current research bridges the gap between models and data by solving ``lack of uncertainty information'' issue, as well as providing guidance for improving nuclear reactor simulators through the validation process."
S102,F,"Uncertainty, distribution shift, and reliability","Q5,Q6,Q8",Uncertainty quantification and sensitivity analysis of a nuclear thermal propulsion reactor startup sequence,Jackson Harter; Mark DeHart,2025,article,Frontiers in Nuclear Engineering,10.3389/fnuen.2025.1628866,https://doi.org/10.3389/fnuen.2025.1628866,title and abstract screened,simulation or solver generated,uncertainty/reliability method,medium,no,no,yes,no,no,no,no,yes,yes,22.0,Included for structured comparison; use the linked paper for claim-level details.,"The research presented in this article describes progress in applying stochastic methods, uncertainty quantification, parametric studies, and variance-based sensitivity analysis (also known as Sobol sensitivity analysis) to a full-core model of a nuclear thermal propulsion (NTP) system simulated via the radiation transport code Griffin to simulate neutronics. Our goal is to develop a reduced-order (surrogate) model that can be rapidly sampled with perturbations to multiple input parameters. In this NTP system, reactivity and power feedback affect the rotation of control drums (CDs), which is itself controlled by a hybrid proportional-integral-derivative (PID) controller actuated by the power demand and reactivity feedback from the numerical model. This model uses reactor kinetic feedback (mean generation time <mml:math xmlns:mml=""http://www.w3.org/1998/Math/MathML"" id=""m1""><mml:mrow><mml:mo stretchy=""false"">[</mml:mo><mml:mrow><mml:mi mathvariant=""normal"">Λ</mml:mi></mml:mrow><mml:mo stretchy=""false"">]</mml:mo></mml:mrow></mml:math> and effective delayed neutron fraction <mml:math xmlns:mml=""http://www.w3.org/1998/Math/MathML"" id=""m2""><mml:mrow><mml:mo stretchy=""false"">[</mml:mo><mml:mrow><mml:msub><mml:mrow><mml:mi>β</mml:mi></mml:mrow><mml:mrow><mml:mtext>eff</mml:mtext></mml:mrow></mml:msub></mml:mrow><mml:mo stretchy=""false"">]</mml:mo></mml:mrow></mml:math> from a transient Griffin simulation executed via Griffin ’s improved quasi-static solver to provide the kinetic parameters) as inputs to functions that control the CD rotation angle. By investigating numerous stochastic approaches, we developed a dual-purpose surrogate model of the NTP system, using polynomial regression in the Multiphysics Object-Oriented Simulation Environment (MOOSE) Stochastic Tools Module (STM). The trained model can be rapidly sampled while simultaneously perturbing various input parameters, such as coefficients on the PID control or temperature (directly affecting the neutron cross section). The surrogate model delivers accurate (within 5%) results at speeds orders of magnitude faster (minutes, not days of computational time) than the base model. Once the surrogate model has been trained, distributions of the uncertain parameters can be changed at will to investigate the effects of perturbing multiple inputs as well as the effects of these inputs on the model output. For example, coefficients used in the PID control system may vary due to some type of physical interference, or uncertainty may exist in the temperature of the neutron cross sections in various regions of the reactor. A distribution can be placed on these parameters, and operational boundaries can be determined. The goal of this work is to support development of an advanced control system for operating CDs in a functioning NTP system. This work is a scoping study of the MOOSE STM."
S103,F,"Uncertainty, distribution shift, and reliability","Q8,Q9",Stochastic Model Updating with Uncertainty Quantification: An Overview and Tutorial,Sifeng Bi; Michael Beer; Scott Cogan; John E. Mottershead,2023,article,Mechanical Systems and Signal Processing,10.1016/j.ymssp.2023.110784,https://doi.org/10.1016/j.ymssp.2023.110784,title and abstract screened,mixed simulation and measurement,uncertainty/reliability method,medium,no,no,no,no,no,no,yes,yes,yes,21.0,Included for structured comparison; use the linked paper for claim-level details.,"This paper presents an overview of the theoretic framework of stochastic model updating, including critical aspects of model parameterisation, sensitivity analysis, surrogate modelling, test-analysis correlation, parameter calibration, etc. Special attention is paid to uncertainty analysis, which extends model updating from the deterministic domain to the stochastic domain. This extension is significantly promoted by uncertainty quantification metrics, no longer describing the model parameters as unknown-but-fixed constants but random variables with uncertain distributions, i.e. imprecise probabilities. As a result, the stochastic model updating no longer aims at a single model prediction with maximum fidelity to a single experiment, but rather a reduced uncertainty space of the simulation enveloping the complete scatter of multiple experiment data. Quantification of such an imprecise probability requires a dedicated uncertainty propagation process to investigate how the uncertainty space of the input is propagated via the model to the uncertainty space of the output. The two key aspects, forward uncertainty propagation and inverse parameter calibration, along with key techniques such as P-box propagation, statistical distance-based metrics, Markov chain Monte Carlo sampling, and Bayesian updating, are elaborated in this tutorial. The overall technical framework is demonstrated by solving the NASA Multidisciplinary UQ Challenge 2014, with the purpose of encouraging the readers to reproduce the result following this tutorial. The second practical demonstration is performed on a newly designed benchmark testbed, where a series of lab-scale aeroplane models are manufactured with varying geometry sizes, following pre-defined probabilistic distributions, and tested in terms of their natural frequencies and model shapes. Such a measurement database contains naturally not only measurement errors but also, more importantly, controllable uncertainties from the pre-defined distributions of the structure geometry. Finally, open questions are discussed to fulfil the motivation of this tutorial in providing researchers, especially beginners, with further directions on stochastic model updating with uncertainty treatment perspectives."
S104,F,"Uncertainty, distribution shift, and reliability","Q10,Q3,Q4,Q8",Uncertainty quantification of PWR spent fuel due to nuclear data and modeling parameters,Bamidele Ebiwonjumi; Chidong Kong; Peng Zhang; Alexey Cherezov; Deokjung Lee,2020,article,Nuclear Engineering and Technology,10.1016/j.net.2020.07.012,https://doi.org/10.1016/j.net.2020.07.012,title and abstract screened,method or metadata,uncertainty/reliability method,medium,no,no,no,no,no,no,no,yes,no,21.0,Included for structured comparison; use the linked paper for claim-level details.,"Uncertainties are calculated for pressurized water reactor (PWR) spent nuclear fuel (SNF) characteristics. The deterministic code STREAM is currently being used as an SNF analysis tool to obtain isotopic inventory, radioactivity, decay heat, neutron and gamma source strengths. The SNF analysis capability of STREAM was recently validated. However, the uncertainty analysis is yet to be conducted. To estimate the uncertainty due to nuclear data, STREAM is used to perturb nuclear cross section (XS) and resonance integral (RI) libraries produced by NJOY99. The perturbation of XS and RI involves the stochastic sampling of ENDF/B-VII.1 covariance data. To estimate the uncertainty due to modeling parameters (fuel design and irradiation history), surrogate models are built based on polynomial chaos expansion (PCE) and variance-based sensitivity indices (i.e., Sobol’ indices) are employed to perform global sensitivity analysis (GSA). The calculation results indicate that uncertainty of SNF due to modeling parameters are also very important and as a result can contribute significantly to the difference of uncertainties due to nuclear data and modeling parameters. In addition, the surrogate model offers a computationally efficient approach with significantly reduced computation time, to accurately evaluate uncertainties of SNF integral characteristics."
S105,F,"Uncertainty, distribution shift, and reliability","Q1,Q2,Q5,Q6,Q7,Q8,Q9",A review of the application of artificial intelligence to nuclear reactors: Where we are and what's next,Qingyu Huang; Shinian Peng; Jian Deng; Hui Zeng; Zhuo Zhang; Yu Liu; et al.,2023,article,Heliyon,10.1016/j.heliyon.2023.e13883,https://doi.org/10.1016/j.heliyon.2023.e13883,title and abstract screened,experimental or measured,neural-network surrogate; uncertainty/reliability method,medium,no,no,no,no,no,no,yes,yes,yes,20.0,Included for structured comparison; use the linked paper for claim-level details.,"As a form of clean energy, nuclear energy has unique advantages compared to other energy sources in the present era, where low-carbon policies are being widely advocated. The exponential growth of artificial intelligence (AI) technology in recent decades has resulted in new opportunities and challenges in terms of improving the safety and economics of nuclear reactors. This study briefly introduces modern AI algorithms such as machine learning, deep learning, and evolutionary computing. Furthermore, several studies on the use of AI techniques for nuclear reactor design optimization as well as operation and maintenance (O&M) are reviewed and discussed. The existing obstacles that prevent the further fusion of AI and nuclear reactor technologies so that they can be scaled to real-world problems are classified into two categories: (1) data issues: insufficient experimental data increases the possibility of data distribution drift and data imbalance; (2) black-box dilemma: methods such as deep learning have poor interpretability. Finally, this study proposes two directions for the future fusion of AI and nuclear reactor technologies: (1) better integration of domain knowledge with data-driven approaches to reduce the high demand for data and improve the model performance and robustness; (2) promoting the use of explainable artificial intelligence (XAI) technologies to enhance the transparency and reliability of the model. In addition, causal learning warrants further attention owing to its inherent ability to solve out-of-distribution generalization (OODG) problems."
S106,F,"Uncertainty, distribution shift, and reliability","Q1,Q2,Q4,Q5,Q6,Q7,Q8,Q9",Basic Framework and Main Methods of Uncertainty Quantification,Juan Zhang; Junping Yin; Ruili Wang,2020,article,Mathematical Problems in Engineering,10.1155/2020/6068203,https://doi.org/10.1155/2020/6068203,title and abstract screened,experimental or measured,uncertainty/reliability method,medium,no,no,no,no,no,no,yes,yes,no,20.0,Included for structured comparison; use the linked paper for claim-level details.,"Since 2000, the research of uncertainty quantification (UQ) has been successfully applied in many fields and has been highly valued and strongly supported by academia and industry. This review firstly discusses the sources and the types of uncertainties and gives an overall discussion on the goal, practical significance, and basic framework of the research of UQ. Then, the core ideas and typical methods of several important UQ processes are introduced, including sensitivity analysis, uncertainty propagation, model calibration, Bayesian inference, experimental design, surrogate model, and model uncertainty analysis."
S107,F,"Uncertainty, distribution shift, and reliability","Q1,Q2,Q7,Q9","DAKOTA, a multilevel parallel object-oriented framework for design optimization, parameter estimation, uncertainty quantification, and sensitivity analysis:version 4.0 reference manual",Joshua Griffin; Michael Eldred; Monica Martinez-Canales; Jean‐Paul Watson; Tamara G. Kolda; Brian D. Adams; et al.,2006,report,Sandia National Laboratories (SNL),10.2172/895073,https://doi.org/10.2172/895073,title and abstract screened,mixed simulation and measurement,uncertainty/reliability method,medium,no,no,no,no,no,no,yes,yes,yes,20.0,Included for structured comparison; use the linked paper for claim-level details.,"The DAKOTA (Design Analysis Kit for Optimization and Terascale Applications) toolkit provides a flexible and extensible interface between simulation codes and iterative analysis methods. DAKOTA contains algorithms for optimization with gradient and nongradient-based methods; uncertainty quantification with sampling, reliability, and stochastic finite element methods; parameter estimation with nonlinear least squares methods; and sensitivity/variance analysis with design of experiments and parameter study methods. These capabilities may be used on their own or as components within advanced strategies such as surrogate-based optimization, mixed integer nonlinear programming, or optimization under uncertainty. By employing object-oriented design to implement abstractions of the key components required for iterative systems analyses, the DAKOTA toolkit provides a flexible and extensible problem-solving environment for design and performance analysis of computational models on high performance computers. This report serves as a reference manual for the commands specification for the DAKOTA software, providing input overviews, option descriptions, and example specifications."
S108,F,"Uncertainty, distribution shift, and reliability","Q5,Q6,Q7,Q9",Efficient Uncertainty Characterization Framework in Neutronics Core Simulation with Application to Thermal-Spectrum Reactor Systems,Dongli Huang,2020,dissertation,Figshare,10.25394/pgs.11955063.v1,https://figshare.com/articles/Efficient_Uncertainty_Characterization_Framework_in_Neutronics_Core_Simulation_with_Application_to_Thermal-Spectrum_Reactor_Systems/11955063,title and abstract screened,simulation or solver generated,uncertainty/reliability method,medium,no,no,no,no,no,no,no,yes,no,20.0,Included for structured comparison; use the linked paper for claim-level details.,"This dissertation is devoted to developing a first-of-a-kind uncertainty characterization framework (UCF) providing comprehensive, efficient and scientifically defendable methodologies for uncertainty characterization (UC) in best-estimate (BE) reactor physics simulations. The UCF is designed with primary application to CANDU neutronics calculations, but could also be applied to other thermal-spectrum reactor systems. The overarching goal of the UCF is to propagate and prioritize all sources of uncertainties, including those originating from nuclear data uncertainties, modeling assumptions, and other approximations, in order to reliably use the results of BE simulations in the various aspects of reactor design, operation, and safety. The scope of this UCF is to propagate nuclear data uncertainties from the multi-group format, representing the input to lattice physics calculations, to the few-group format, representing the input to nodal diffusion-based core simulators and quantify the uncertainties in reactor core attributes.The main contribution of this dissertation addresses two major challenges in current uncertainty analysis approaches. The first is the feasibility of the UCF due to the complex nature of nuclear reactor simulation and computational burden of conventional uncertainty quantification (UQ) methods. The second goal is to assess the impact of other sources of uncertainties that are typically ignored in the course of propagating nuclear data uncertainties, such as various modeling assumptions and approximations.To deal with the first challenge, this thesis work proposes an integrated UC process employing a number of approaches and algorithms, including the physics-guided coverage mapping (PCM) method in support of model validation, and the reduced order modeling (ROM) techniques as well as the sensitivity analysis (SA) on uncertainty sources, to reduce the dimensionality of uncertainty space at each interface of neutronics calculations. In addition to the efficient techniques to reduce the computational cost, the UCF aims to accomplish four primary functions in uncertainty analysis of neutronics simulations. The first function is to identify all sources of uncertainties, including nuclear data uncertainties, modeling assumptions, numerical approximations and technological parameter uncertainties. Second, the proposed UC process will be able to propagate the identified uncertainties to the responses of interest in core simulation and provide uncertainty quantifications (UQ) analysis for these core attributes. Third, the propagated uncertainties will be mapped to a wide range of reactor core operation conditions. Finally, the fourth function is to prioritize the identified uncertainty sources, i.e., to generate a priority identification and ranking table (PIRT) which sorts the major sources of uncertainties according to the impact on the core attributes’ uncertainties. In the proposed implementation, the nuclear data uncertainties are first propagated from multi-group level through lattice physics calculation to generate few-group parameters uncertainties, described using a vector of mean values and a covariance matrix. Employing an ROM-based compression of the covariance matrix, the few-group uncertainties are then propagated through downstream core simulation in a computationally efficient manner.To explore on the impact of uncertainty sources except for nuclear data uncertainties on the UC process, a number of approximations and assumptions are investigated in this thesis, e.g., modeling assumptions such as resonance treatment, energy group structure, etc., and assumptions associated with the uncertainty analysis itself, e.g., linearity assumption, level of ROM reduction and associated number of degrees of freedom employed. These approximations and assumptions have been employed in the literature of neutronic uncertainty analysis yet without formal verifications. The major argument here is that these assumptions may introduce another source of uncertainty whose magnitude needs to be quantified in tandem with nuclear data uncertainties. In order to assess whether modeling uncertainties have an impact on parameter uncertainties, this dissertation proposes a process to evaluate the influence of various modeling assumptions and approximations and to investigate the interactions between the two major uncertainty sources. To explore this endeavor, the impact of a number of modeling assumptions on core attributes uncertainties is quantified.The proposed UC process has first applied to a BWR application, in order to test the uncertainty propagation and prioritization process with the ROM implementation in a wide range of core conditions. Finally, a comprehensive uncertainty library for CANDU uncertainty analysis with NESTLE-C as core simulator is generated compressed uncertainty sources from the proposed UCF. The modeling uncertainties as well as their impact on the parameter uncertainty propagation process are investigated on the CANDU application with the uncertainty library."
S109,F,"Uncertainty, distribution shift, and reliability","Q8,Q9","Unified Framework and Survey for Model Verification, Validation and Uncertainty Quantification",Stefan Riedmaier; Benedikt Danquah; Bernhard Schick; Frank Diermeyer,2020,article,Archives of Computational Methods in Engineering,10.1007/s11831-020-09473-7,https://doi.org/10.1007/s11831-020-09473-7,title and abstract screened,mixed simulation and measurement,uncertainty/reliability method,medium,no,no,no,no,no,no,yes,yes,no,20.0,Included for structured comparison; use the linked paper for claim-level details.,"Abstract Simulation is becoming increasingly important in the development, testing and approval process in many areas of engineering, ranging from finite element models to highly complex cyber-physical systems such as autonomous cars. Simulation must be accompanied by model verification, validation and uncertainty quantification (VV&amp;UQ) activities to assess the inherent errors and uncertainties of each simulation model. However, the VV&amp;UQ methods differ greatly between the application areas. In general, a major challenge is the aggregation of uncertainties from calibration and validation experiments to the actual model predictions under new, untested conditions. This is especially relevant due to high extrapolation uncertainties, if the experimental conditions differ strongly from the prediction conditions, or if the output quantities required for prediction cannot be measured during the experiments. In this paper, both the heterogeneous VV&amp;UQ landscape and the challenge of aggregation will be addressed with a novel modular and unified framework to enable credible decision making based on simulation models. This paper contains a comprehensive survey of over 200 literature sources from many application areas and embeds them into the unified framework. In addition, this paper analyzes and compares the VV&amp;UQ methods and the application areas in order to identify strengths and weaknesses and to derive further research directions. The framework thus combines a variety of VV&amp;UQ methods, so that different engineering areas can benefit from new methods and combinations. Finally, this paper presents a procedure to select a suitable method from the framework for the desired application."
S110,F,"Uncertainty, distribution shift, and reliability","Q1,Q10,Q2,Q3,Q4,Q5,Q6,Q7,Q8,Q9",Combining simulations and data with deep learning and uncertainty quantification for advanced energy modeling,Majdi I. Radaideh; Tomasz Kozłowski,2019,article,International Journal of Energy Research,10.1002/er.4698,https://doi.org/10.1002/er.4698,title and abstract screened,simulation or solver generated,neural-network surrogate; uncertainty/reliability method,medium,no,no,no,no,no,no,no,yes,no,19.0,Included for structured comparison; use the linked paper for claim-level details.,"A novel and modern framework for energy modeling is developed in this paper with a focus on nuclear energy modeling and simulation. The framework combines multiphysics simulations and real data, with validation by uncertainty quantification tasks and facilitation by machine and deep learning methods. The hybrid framework is built on the basis of a wide range of physical models, real data, mathematical and statistical methods, and artificial intelligence techniques. The framework is demonstrated in different applications, including quantifying uncertainties in computer simulations, multiphysics coupling, analysis of variance using machine learning surrogate models, deep learning of time series phenomena, and propagating parametric uncertainties of nuclear data. The applications demonstrated are oriented to nuclear engineering simulations, even though majority of the methods are applicable to other energy sources (eg, renewable). Efficient utilization of this framework is expected to yield a much better understanding of the physical phenomena analyzed as well as an improvement in the performance of the energy design/model under construction."
S111,F,"Uncertainty, distribution shift, and reliability","Q1,Q2,Q7,Q9",Uncertainty aware machine-learning-based surrogate models for particle accelerators: Study at the Fermilab Booster Accelerator Complex,Malachi Schram; Kishansingh Rajput; Karthik Somayaji NS; Peng Li; Jason St. John; Himanshu Sharma,2023,article,Physical Review Accelerators and Beams,10.1103/physrevaccelbeams.26.044602,https://doi.org/10.1103/physrevaccelbeams.26.044602,title and abstract screened,method or metadata,neural-network surrogate; uncertainty/reliability method,medium,no,no,no,no,no,no,no,yes,no,19.0,Included for structured comparison; use the linked paper for claim-level details.,"Standard deep learning methods, such as Ensemble Models, Bayesian Neural Networks, and Quantile Regression Models provide estimates of prediction uncertainties for data-driven deep learning models. However, they can be limited in their applications due to their heavy memory, inference cost, and ability to properly capture out-of-distribution uncertainties. Additionally, some of these models require post-training calibration that limits their ability to be used for continuous learning applications. In this paper, we present a new approach to provide prediction with calibrated uncertainties that includes out-of-distribution contributions and compare it to standard methods on the Fermi National Accelerator Laboratory (FNAL) Booster accelerator complex."
S112,F,"Uncertainty, distribution shift, and reliability","Q8,Q9",DIMENSIONALITY REDUCTION FOR COMPLEX MODELS VIA BAYESIAN COMPRESSIVE SENSING,Khachik Sargsyan; Cosmin Safta; Habib N. Najm; Bert Debusschere; Daniel Ricciuto; Peter Thornton,2013,article,International Journal for Uncertainty Quantification,10.1615/int.j.uncertaintyquantification.2013006821,https://doi.org/10.1615/int.j.uncertaintyquantification.2013006821,title and abstract screened,simulation or solver generated,uncertainty/reliability method,medium,no,no,no,no,no,no,no,yes,no,18.0,Included for structured comparison; use the linked paper for claim-level details.,"Uncertainty quantification in complex physical models is often challenged by the computational expense of these models. One often needs to operate under the assumption of sparsely available model simulations. This issue is even more critical when models include a large number of input parameters. This ""curse of dimensionality,"" in particular, leads to a prohibitively large number of basis terms in spectral methods for uncertainty quantification, such as polynomial chaos (PC) methods. In this work, we implement a PC-based surrogate model construction that ""learns"" and retains only the most relevant basis terms of the PC expansion, using sparse Bayesian learning. This dramatically reduces the dimensionality of the problem, making it more amenable to further analysis such as sensitivity or calibration studies. The model of interest is the community land model with about 80 input parameters, which also exhibits nonsmooth input-output behavior. We enhanced the methodology by a clustering and classifying procedure that leads to a piecewise-PC surrogate thereby dealing with nonlinearity. We then obtain global sensitivity information for five outputs with respect to all input parameters using less than 10,000 model simulations-a very small number for an 80-dimensional input parameter space."
S113,F,"Uncertainty, distribution shift, and reliability","Q1,Q2,Q7,Q8,Q9",Machine Learning with Gradient-Based Optimization of Nuclear Waste Vitrification with Uncertainties and Constraints,LaGrande Gunnell; Kyle C. Manwaring; Xiaonan Lu; Jacob G. Reynolds; John D. Vienna; John D. Hedengren,2022,article,Processes,10.3390/pr10112365,https://doi.org/10.3390/pr10112365,title and abstract screened,method or metadata,neural-network surrogate; Gaussian-process surrogate; uncertainty/reliability method,medium,no,no,no,no,no,no,no,yes,no,18.0,Included for structured comparison; use the linked paper for claim-level details.,"Gekko is an optimization suite in Python that solves optimization problems involving mixed-integer, nonlinear, and differential equations. The purpose of this study is to integrate common Machine Learning (ML) algorithms such as Gaussian Process Regression (GPR), support vector regression (SVR), and artificial neural network (ANN) models into Gekko to solve data based optimization problems. Uncertainty quantification (UQ) is used alongside ML for better decision making. These methods include ensemble methods, model-specific methods, conformal predictions, and the delta method. An optimization problem involving nuclear waste vitrification is presented to demonstrate the benefit of ML in this field. ML models are compared against the current partial quadratic mixture (PQM) model in an optimization problem in Gekko. GPR with conformal uncertainty was chosen as the best substitute model as it had a lower mean squared error of 0.0025 compared to 0.018 and more confidently predicted a higher waste loading of 37.5 wt% compared to 34 wt%. The example problem shows that these tools can be used in similar industry settings where easier use and better performance is needed over classical approaches. Future works with these tools include expanding them with other regression models and UQ methods, and exploration into other optimization problems or dynamic control."
S114,F,"Uncertainty, distribution shift, and reliability","Q10,Q3,Q4",Nuclear data uncertainty analysis for the Po-210 production in MYRRHA,Luca Fiorito; Alexey Stankovskiy; Augusto Hernández-Solís; Gert Van den Eynde; Gašper Žerovnik,2018,article,EPJ Nuclear Sciences & Technologies,10.1051/epjn/2018044,https://doi.org/10.1051/epjn/2018044,title and abstract screened,method or metadata,uncertainty/reliability method,medium,no,no,no,no,no,no,no,yes,no,18.0,Included for structured comparison; use the linked paper for claim-level details.,"MYRRHA is a multi-purpose research reactor able to operate in sub-critical and critical modes and currently in the design phase at SCK•CEN. The choice of LBE was driven by its chemical stability, low melting temperature, high boiling point, low chemical reactivity with water and air and a good neutronic performance. As a drawback, the neutron capture in 209 Bi results in the production of 210 Po, a highly radiotoxic alpha emitter with relatively short half-life (≈138 days). The 210 Po production represents a major safety concern that has to be addressed for the reactor licensing. In this work we used the ALEPH-2 burnup code to accurately calculate the 210 Po production in a MYRRHA operating cycle. The impact of using different nuclear data libraries was evaluated and the reliability of the results was determined by quantifying the uncertainty of the 210 Po concentration. The uncertainty quantification was carried out sampling the currently available nuclear data covariance matrices with the SANDY code. Also, estimates of the sensitivity profiles were obtained with a linear regression approach. The activation yield of the 209 Bi neutron capture reaction was assessed as the largest nuclear data source of uncertainty, however the lack of covariances for such data represent a capital drawback for the 210 Po content prediction."
S115,F,"Uncertainty, distribution shift, and reliability","Q8,Q9",A GUI platform for uncertainty quantification of complex dynamical models,Chen Wang; Qingyun Duan; Charles Tong; Zhenhua Di; Wei Gong,2015,article,Environmental Modelling & Software,10.1016/j.envsoft.2015.11.004,https://doi.org/10.1016/j.envsoft.2015.11.004,title and abstract screened,mixed simulation and measurement,transport/depletion solver; uncertainty/reliability method,medium,no,no,no,no,no,no,yes,yes,no,17.0,Included for structured comparison; use the linked paper for claim-level details.,"Uncertainty quantification (UQ) refers to quantitative characterization and reduction of uncertainties present in computer model simulations. It is widely used in engineering and geophysics fields to assess and predict the likelihood of various outcomes. This paper describes a UQ platform called UQ-PyL (Uncertainty Quantification Python Laboratory), a flexible software platform designed to quantify uncertainty of complex dynamical models. UQ-PyL integrates different kinds of UQ methods, including experimental design, statistical analysis, sensitivity analysis, surrogate modeling and parameter optimization. It is written in Python language and runs on all common operating systems. UQ-PyL has a graphical user interface that allows users to enter commands via pull-down menus. It is equipped with a model driver generator that allows any computer model to be linked with the software. We illustrate the different functions of UQ-PyL by applying it to the uncertainty analysis of the Sacramento Soil Moisture Accounting Model. We will also demonstrate that UQ-PyL can be applied to a wide range of applications."
S116,F,"Uncertainty, distribution shift, and reliability","Q1,Q2,Q5,Q6,Q7,Q8,Q9",A simulation and machine learning informed diagnosis of the severe accidents,Jin‐Ho Song; Kwang-Soon Ha,2022,article,Nuclear Engineering and Design,10.1016/j.nucengdes.2022.111881,https://doi.org/10.1016/j.nucengdes.2022.111881,title and abstract screened,mixed simulation and measurement,LSTM/recurrent network,medium,no,no,no,yes,no,no,yes,yes,no,17.0,Included for structured comparison; use the linked paper for claim-level details.,"We propose a simulation and machine learning informed model (SMLIM) for the diagnosis of severe accidents. A machine learning model which consisted of one hidden Long Short Term Memory (LSTM) layer and two dense layers with variations in the number of neurons and regularization parameters and an Adams optimizer was constructed for the multi-time step ahead forecasting analysis and the regression analysis. Using feature variables of lower plenum liquid level, core liquid level, reactor vessel pressure, and dry-well pressure, which were monitored during the Fukushima Daiichi Nuclear Power Plant (FDNPP) accident, the target variable of the dry-well pressure in time was predicted. Training data representing the reference scenario was produced by a MELCOR simulation of the FDNPP accident at unit 1. The first test set obtained from the MELCOR simulation was chosen to consider the aleatoric uncertainty, while the second test set from the MELCOR simulation addresses the epistemic uncertainty. It is shown that the proposed SMLIM model can forecast the time series data with reasonable accuracy for the test cases selected. Then another test sets were prepared using the measurement data taken from the FDNPP. While the forecasted prediction was quite different from the actual measurement data, which were corrupted, the LSTM network model showed better agreement between the prediction and actual data when the measurement data were corrected. This trend was similar in the case of regression analysis. We suggest that the proposed simulation and machine learning informed model can help the operator forecast the future trend of accident progression and diagnose corrupted measurement signals."
S117,F,"Uncertainty, distribution shift, and reliability","Q1,Q2,Q4,Q5,Q6,Q7,Q8,Q9",Bayesian inverse uncertainty quantification of the physical model parameters for the spallation neutron source first target station,Majdi I. Radaideh; Lianshan Lin; Hao Jiang; Sarah Cousineau,2022,article,Results in Physics,10.1016/j.rinp.2022.105414,https://doi.org/10.1016/j.rinp.2022.105414,title and abstract screened,mixed simulation and measurement,uncertainty/reliability method,medium,no,no,no,no,no,no,yes,yes,no,17.0,Included for structured comparison; use the linked paper for claim-level details.,"The reliability of the mercury spallation target is mission-critical for the neutron science program of the spallation neutron source at the Oak Ridge National Laboratory. We present an inverse uncertainty quantification (UQ) study using the Bayesian framework for the mercury equation of state model parameters, with the assistance of polynomial chaos expansion surrogate models. By leveraging high-fidelity structural mechanics simulations and real measured strain data, the inverse UQ results reveal a tight posterior distribution for the tensile cutoff threshold, the mercury density, and the mercury speed of sound. The updated distributions do not necessarily represent the nominal mercury physical properties, but the ones that fit the strain data and the solid mechanics model we have used, and can be explained by three reasons. First, the limitations of the computer model or what is known as the “model-form uncertainty” that would result from numerical methods and physical approximations. Second, is the biases and errors in the experimental data. Third, is the mercury cavitation damage that also contributes to the change in mercury behavior. Consequently, the mercury equation of state model parameters try to compensate for these effects to improve fitness to the real data. The mercury target simulations using the posterior parametric values result in an excellent agreement with 88% average accuracy compared to experimental data, 6% average increase compared to reference parameters, with some sensors experiencing an increase of more than 25%. With a more accurate strain response predicted by the calibrated simulations, the component fatigue analysis can utilize the comprehensive strain history data to evaluate the target vessel’s lifetime closer to its real limit, saving tremendous target cost and improving the design of future targets as well."
S118,F,"Uncertainty, distribution shift, and reliability","Q1,Q10,Q4,Q5",Compilation of a Prediction-Based Validation Dataset for Heat Transfer Modeling of the Paks Spent Fuel Interim Storage Facility,Attila Erchegyi; Ervin Rácz,2026,article,Energies,10.3390/en19051124,https://doi.org/10.3390/en19051124,title and abstract screened,experimental or measured,uncertainty/reliability method,medium,no,no,no,no,no,no,yes,yes,yes,17.0,Included for structured comparison; use the linked paper for claim-level details.,"This study presents and systematizes a high-reliability measurement and technological dataset suitable for prediction-based validation of the Spent Fuel Interim Storage Facility (SFISF) of the Paks Nuclear Power Plant. The primary objective of this dataset is not the validation of a general-purpose software tool, but to establish a reproducible experimental basis for the objective and quantitative validation of a three-dimensional, facility-scale heat transfer and buoyancy-driven flow model of the SFISF, developed using the finite difference method (FDM), in a passively cooled system where heat conduction, thermal radiation, and natural convection simultaneously occur. The applied measurement systems (SMAS, CTRS, and the in-house developed CFEPR), their spatial arrangement, accuracy characteristics, as well as data post-processing and the generation of model execution inputs are described in detail. Special emphasis is placed on the functional separation of the available data into initialization data, model execution data, and independent validation datasets, ensuring that model assessment does not rely on calibration or parameter fitting. Furthermore, the estimation of decay heat generated by the stored fuel assemblies is presented using both a standard correlation method (ANSI/ANS-5.1) and isotope inventory-based calculations, and the discrepancies between these approaches are treated as input uncertainties and sensitivity analysis factors. The spectral solar load is considered based on the ASTM G-173 reference spectrum, while during cloudy periods an effective irradiance estimation derived from on-site lux measurements is applied. The results indicate that the available measurement and technological information is sufficient for supporting reproducible, transparent, and quantitative validation studies of the three-dimensional numerical model of the SFISF, as well as for assessing the impact of dominant input uncertainties."
S119,F,"Uncertainty, distribution shift, and reliability","Q1,Q10,Q3,Q4,Q5,Q8",Nuclear Data Uncertainty Quantification in Criticality Safety Evaluations for Spent Nuclear Fuel Geological Disposal,Matthias Frankl; Mathieu Hursin; D. Rochman; A. Vasiliev; H. Ferroukhi,2021,article,Applied Sciences,10.3390/app11146499,https://doi.org/10.3390/app11146499,title and abstract screened,simulation or solver generated,transport/depletion solver; uncertainty/reliability method,medium,no,no,no,no,no,no,no,yes,yes,17.0,Included for structured comparison; use the linked paper for claim-level details.,"Presently, a criticality safety evaluation methodology for the final geological disposal of Swiss spent nuclear fuel is under development at the Paul Scherrer Institute in collaboration with the Swiss National Technical Competence Centre in the field of deep geological disposal of radioactive waste. This method in essence pursues a best estimate plus uncertainty approach and includes burnup credit. Burnup credit is applied by means of a computational scheme called BUCSS-R (Burnup Credit System for the Swiss Reactors–Repository case) which is complemented by the quantification of uncertainties from various sources. BUCSS-R consists in depletion, decay and criticality calculations with CASMO5, SERPENT2 and MCNP6, respectively, determining the keff eigenvalues of the disposal canister loaded with the Swiss spent nuclear fuel assemblies. However, the depletion calculation in the first and the criticality calculation in the third step, in particular, are subject to uncertainties in the nuclear data input. In previous studies, the effects of these nuclear data-related uncertainties on obtained keff values, stemming from each of the two steps, have been quantified independently. Both contributions to the overall uncertainty in the calculated keff values have, therefore, been considered as fully correlated leading to an overly conservative estimation of total uncertainties. This study presents a consistent approach eliminating the need to assume and take into account unrealistically strong correlations in the keff results. The nuclear data uncertainty quantification for both depletion and criticality calculation is now performed at once using one and the same set of perturbation factors for uncertainty propagation through the corresponding calculation steps of the evaluation method. The present results reveal the overestimation of nuclear data-related uncertainties by the previous approach, in particular for spent nuclear fuel with a high burn-up, and underline the importance of consistent nuclear data uncertainty quantification methods. However, only canister loadings with UO2 fuel assemblies are considered, not offering insights into potentially different trends in nuclear data-related uncertainties for mixed oxide fuel assemblies."
S120,F,"Uncertainty, distribution shift, and reliability","Q10,Q3,Q4,Q8",Uncertainty quantification of neutron multiplication factors of light water reactor fuels during depletion,Go Chiba; Shintaro Okumura,2018,article,Journal of Nuclear Science and Technology,10.1080/00223131.2018.1467803,https://doi.org/10.1080/00223131.2018.1467803,title and abstract screened,review or synthesis,transport/depletion solver; uncertainty/reliability method,medium,no,no,no,no,no,no,no,yes,no,17.0,Included for structured comparison; use the linked paper for claim-level details.,"Nuclear data-induced uncertainties of infinite neutron multiplication factors (k∞) during fuel depletion are quantified in a single cell and a 3×3 multi-cell including burnable absorbers. Uncertainties of reaction cross sections, fission yields, decay half-lives and decay branching ratios provided in the JENDL libraries are taken into account. Hundred percent uncertainties are assumed to nuclear data to which uncertainty information are not provided in JENDL. Uncertainties propagation calculations are carried out with the adjoint-based procedure, and required sensitivity profiles of k∞ with respect to these nuclear data are efficiently calculated by the depletion perturbation theory. Covariance matrices for fission yields and decay data in a simplified burnup chain are successfully generated by the stochastic-based procedure. k∞ uncertainties of about 0.6% during fuel depletion are obtained, and it is shown that actinoids reaction cross sections are dominant contributors. Nuclide-wise decomposition of the uncertainties and observation of component-wise sensitivity profiles provide physical interpretations. By virtue of the adjoint-based procedure, several parametric surveys are also conducted. Contributions of uncertainties in fission products (FPs) nuclides are quantified, and important nuclides and energy ranges are identified for further evaluation of nuclear data of FP nuclides. Effect of cooling period on k∞ uncertainties is also discussed."
S121,A,"Ac-225 production, separation, and quality","Q1,Q2,Q3,Q4,Q10",Production and Quality Control of Actinium-225 Radiopharmaceuticals,International Atomic Energy Agency,2024,official technical report,IAEA-TECDOC-2057,10.61092/iaea.95h3-2j2,https://www-pub.iaea.org/MTCD/Publications/PDF/TE-2057web.pdf,official source screened,review or synthesis,domain study,high,no,yes,no,no,no,no,no,no,no,30.0,Use for production and quality-control context; route-specific specifications are not universal clinical limits.,Authoritative technical review of Ac-225 production and quality-control practices.
S122,B,Ra-226 nuclear data and neutron-spectrum evidence,"Q1,Q3,Q4,Q5,Q10",Experimental Investigation of Deuteron Breakup for the Production of Medical Isotopes,Jonathan T. Morrell,2021,doctoral dissertation,"University of California, Berkeley",,https://nucleardata.berkeley.edu/doc/morrell.pdf,full text close-read,experimental or measured,nuclear experiment,high,no,no,no,no,no,no,yes,yes,no,30.0,Closest end-to-end experimental benchmark for the modeled pathway; Tables 4.1 and 4.2 were checked directly.,"Contains the 33 and 40 MeV Ra-226 irradiation experiments, measured spectra, fluence, activities, chemistry recovery, and uncertainty tables."
S123,B,Ra-226 nuclear data and neutron-spectrum evidence,"Q1,Q3,Q4,Q5,Q10",EXFOR Experimental Nuclear Reaction Data Database,International Atomic Energy Agency Nuclear Data Section,2026,official evaluated database,IAEA Nuclear Data Services,,https://www-nds.iaea.org/exfor/,official source screened,experimental or measured,domain study,high,no,no,no,no,no,no,yes,no,no,30.0,Useful for reaction-level validation; it does not by itself validate the full production chain.,International compilation of experimental nuclear-reaction measurements and their bibliographic provenance.
S124,C,"Depletion, activation, and trusted solvers","Q1,Q4,Q5,Q10","ORIGEN Module: Operating History, Depletion, Decay, and Activation",Oak Ridge National Laboratory,2025,official software documentation,SCALE 6.3.1 Manual,,https://scale-manual.ornl.gov/6.3.1/origen/origen-module.html,official source close-read,simulation or solver generated,transport/depletion solver,high,no,no,yes,no,no,no,no,no,yes,30.0,Establishes that established depletion software already handles changing operating histories.,"Documents time, flux, and power arrays for multistep irradiation and decay histories in ORIGEN."
S125,C,"Depletion, activation, and trusted solvers","Q1,Q4,Q5,Q10","Depletion, Activation, and Spent Fuel Source Terms",Oak Ridge National Laboratory,2026,official software documentation,SCALE 6.3.3 Manual,,https://scale-manual.ornl.gov/6.3.3/Depletion-Decay-Methods.html,official source close-read,simulation or solver generated,transport/depletion solver,high,no,no,yes,no,no,no,no,no,yes,30.0,Shows that stand-alone reduced depletion is already fast; the stronger surrogate use case is repeated transport-coupled screening.,"Describes ORIGEN nuclide coverage, arbitrary spectra, time-dependent histories, CRAM, outputs, and typical execution times."
S126,C,"Depletion, activation, and trusted solvers","Q1,Q4,Q5,Q10",OpenMC Depletion and Transmutation User Guide,OpenMC Project,2026,official software documentation,OpenMC Documentation,,https://docs.openmc.org/en/stable/usersguide/depletion.html,official source close-read,simulation or solver generated,transport/depletion solver,high,no,no,no,no,no,no,no,no,yes,30.0,Relevant trusted-solver comparator for geometry- and spectrum-aware extensions.,"Documents transport-coupled and independent depletion, variable source rates, decay-only steps, and multiple time integrators."
S127,A,"Ac-225 production, separation, and quality","Q1,Q2,Q3,Q4,Q10",New NIST Standard Helps Deliver the Right Dosage of Cancer-Fighting Drugs,National Institute of Standards and Technology,2025,official metrology release,NIST,,https://www.nist.gov/news-events/news/2025/06/new-nist-standard-helps-deliver-right-dosage-cancer-fighting-drugs,official source screened,experimental or measured,domain study,high,no,yes,no,no,no,no,yes,no,no,30.0,"Supports activity-metrology methods, not neutron-production yield validation.",Describes the first U.S. Ac-225 radioactivity standard and the role of traceable activity measurements.
S128,F,"Uncertainty, distribution shift, and reliability","Q3,Q4,Q8,Q9",Evaluation Guidelines for Machine Learning-Based Safety Analysis,U.S. Nuclear Regulatory Commission,2026,official regulatory research context,U.S. NRC,,https://www.nrc.gov/reading-rm/doc-collections/nuregs/contract/cr,background only,method or metadata,domain study,high,no,no,no,no,no,no,no,yes,no,30.0,Included as reliability context; no specific NUREG is used as claim-level evidence in the report.,"Regulatory research context for verification, validation, uncertainty, and trust in data-driven nuclear models."
S129,A,"Ac-225 production, separation, and quality","Q3,Q4",Measurement of Ac-227 Impurity in Ac-225 using Decay Energy Spectroscopy,A. D. Tollefson et al.,2021,article,Applied Radiation and Isotopes,10.1016/j.apradiso.2021.109693,https://doi.org/10.1016/j.apradiso.2021.109693,NIST full text close-read,experimental or measured,nuclear experiment,high,no,yes,no,no,no,no,yes,no,no,30.0,Establishes a measured impurity level and analytical capability; it does not define a universal acceptable limit.,Demonstrates trace Ac-227 measurement in Ac-225 by decay energy spectroscopy and reports a 0.142 +/- 0.005% end-of-bombardment activity ratio for one production sample.
S130,A,"Ac-225 production, separation, and quality","Q3,Q4",Radiopharmaceutical Quality Control Considerations for Accelerator-Produced Actinium Therapies,Diane S. Abou et al.,2022,article,Cancer Biotherapy and Radiopharmaceuticals,10.1089/cbr.2022.0010,https://doi.org/10.1089/cbr.2022.0010,full text close-read,method or metadata,domain study,high,no,yes,no,no,no,no,no,no,no,30.0,"Shows why impurity ratios must be time-defined and evaluated through formulation, shipping, release, and decay-product ingrowth.",Examines radionuclidic and radiochemical quality control when Ac-225 formulations contain long-lived Ac-227 and its daughters.
S131,A,"Ac-225 production, separation, and quality",Q3,Dosimetric impact of Ac-227 in accelerator-produced Ac-225 for alpha-emitter radiopharmaceutical therapy of patients with hematological malignancies: a pharmacokinetic modeling analysis,George Sgouros; Bin He; Nitya Ray; Dale L. Ludwig; Eric C. Frey,2021,article,EJNMMI Physics,10.1186/s40658-021-00410-6,https://doi.org/10.1186/s40658-021-00410-6,full text close-read,method or metadata,domain study,high,no,yes,no,no,no,no,no,no,no,30.0,The small modeled dose contribution is application-specific and cannot be converted into a universal production constraint without product context.,Models the tissue-dose contribution of Ac-227 and daughters for one antibody-based hematological-cancer treatment scenario.
S132,D,Nuclear machine-learning and temporal surrogates,"Q5,Q6,Q7,Q9",Deep learning approach to nuclear fuel transmutation in a fuel cycle simulator,Jin Whan Bae; Andrei Rykhlevskii; Gwendolyn Chee; Kathryn D. Huff,2020,article,Annals of Nuclear Energy,10.1016/j.anucene.2019.107230,https://doi.org/10.1016/j.anucene.2019.107230,full text and publisher page close-read,simulation or solver generated,neural-network surrogate; transport/depletion solver,high,no,no,no,no,no,no,no,no,yes,30.0,Closest established use case: medium-fidelity fuel-cycle screening. It proves that train-once nuclear depletion surrogates and speedups over ORIGEN are not new by themselves.,"A dense neural-network depletion surrogate trained on used-fuel data, implemented in Cyclus, and compared with ORIGEN for accuracy and inference speed."
S133,E,Surrogate-assisted and multi-objective optimization,"Q1,Q2,Q7,Q9",A survey of multi-objective optimization methods and their applications for nuclear scientists and engineers,Ryan H. Stewart; Todd S. Palmer; Bryony DuPont,2021,review,Progress in Nuclear Energy,10.1016/j.pnucene.2021.103830,https://doi.org/10.1016/j.pnucene.2021.103830,publisher page close-read,review or synthesis,multi-objective optimization,high,no,no,no,no,no,yes,no,no,no,30.0,Supports the proposed decision-centered evaluation: optimize multiple objectives and verify finalists with the trusted model.,"A nuclear-engineering review of multi-objective optimization, objective design, Pareto fronts, surrogate use, and verification of selected designs."
S134,E,Surrogate-assisted and multi-objective optimization,"Q2,Q7,Q9",Surrogate-driven design optimization with uncertainty constraints in Monte Carlo simulations,AIMS surrogate-uncertainty collaboration,2025,article,Energy and AI,10.1016/j.egyai.2025.100655,https://doi.org/10.1016/j.egyai.2025.100655,publisher page close-read,simulation or solver generated,multi-objective optimization,high,no,no,no,no,no,yes,no,yes,yes,30.0,Direct evidence that low pointwise error is insufficient; uncertainty can distort objective sensitivities and Pareto fronts.,Studies neural surrogates and Pareto-front recovery for neutron moderator and ion-to-neutron converter designs under different Monte Carlo uncertainty levels.
S135,E,Surrogate-assisted and multi-objective optimization,"Q2,Q7,Q9",Multi-objective constrained black-box optimization using radial basis function surrogates,David Eriksson; David Bindel; Christine A. Shoemaker,2016,article,Journal of Computational Science,10.1016/j.jocs.2016.05.013,https://doi.org/10.1016/j.jocs.2016.05.013,publisher abstract screened,simulation or solver generated,multi-objective optimization,high,no,no,no,no,no,yes,no,no,no,30.0,Methodological background for using exact evaluations strategically instead of trusting every surrogate optimum.,Develops a surrogate-based stochastic framework for computationally expensive constrained multi-objective simulation problems.
S136,D,Nuclear machine-learning and temporal surrogates,"Q5,Q6,Q8",NuGNN: a Graph Neural Network for Nuclear Reaction Network Equations,C. H. Kim; K. Y. Chae; S. Ko; M. R. Mumpower; M. S. Smith,2026,preprint,arXiv,10.48550/arxiv.2606.04491,https://doi.org/10.48550/arxiv.2606.04491,preprint abstract screened,method or metadata,neural-network surrogate,high,no,no,no,no,no,no,no,no,no,30.0,Not peer reviewed as of the audit date. It is an important near-future competitor showing why a five-nuclide chain cannot be the main professional novelty.,"A graph-neural surrogate for a stiff 690-isotope astrophysical reaction network, evaluated by both abundance errors and full-network rollout behavior."
S137,D,Nuclear machine-learning and temporal surrogates,"Q5,Q6,Q8",A hybrid physics-constraint CNN-LSTM prediction framework for radionuclide activity in the primary loop of a nuclear power plant,Nuclear Engineering and Design research team,2026,article,Nuclear Engineering and Design,10.1016/j.nucengdes.2026.114892,https://doi.org/10.1016/j.nucengdes.2026.114892,title and abstract screened,method or metadata,LSTM/recurrent network; physics-informed ML,high,no,no,yes,yes,yes,no,no,no,no,30.0,"Very close at the method-family level: physics constraints, recurrence, radionuclide activity, and nuclear dynamics already coexist in the 2026 literature.",A physics-constrained CNN-LSTM framework for temporal prediction of radionuclide activity in a nuclear system.
